*Item,UDC_TPTS_LOCK,Descr,*Vendor,Descr,Khoa SP,TransMode,UDC_TIME,TransLeadTime,*Dest,STORE,QC Dong Goi lam tron,QC Dong Goi toi thieu,UDC_CATEGORY,UDC_NOTE_DISC,Ghi Chu KM,UDC_SEQ_ITEM,UDC_SEQ_VENDOR,ONOFF
3446984,,Hu tieu tuoi SAU THANH 250g,17413,100-HKD Sau Thanh,,TPTS_CBNC_TT,11:15 AM,1D,112,Co.opMart Quy Nhon,1.000,1.000,,,,1,,false
3446984,,Hu tieu tuoi SAU THANH 250g,17413,100-HKD Sau Thanh,,TPTS_CBNC_TT,11:15 AM,1D,114,Co.opMart My Tho,1.000,1.000,,,,1,,false
3446984,,Hu tieu tuoi SAU THANH 250g,17413,100-HKD Sau Thanh,,TPTS_CBNC_TT,11:15 AM,1D,118,Co.opMart Phan Thiet,1.000,1.000,,,,1,,false
3446984,,Hu tieu tuoi SAU THANH 250g,17413,100-HKD Sau Thanh,,TPTS_CBNC_TT,11:15 AM,1D,119,Co.opMart Long Xuyen,1.000,1.000,,,,1,,false
3446984,,Hu tieu tuoi SAU THANH 250g,17413,100-HKD Sau Thanh,,TPTS_CBNC_TT,11:15 AM,1D,120,Co.opMart Vinh Long,1.000,1.000,,,,1,,false
3446984,false,Hu tieu tuoi SAU THANH 250g,17413,100-HKD Sau Thanh,,TPTS_CBNC_TT,11:15 AM,1D,12001,CH Co.opFood Ba Lang,1.000,1.000,,,,1,,false
3446984,,Hu tieu tuoi SAU THANH 250g,17413,100-HKD Sau Thanh,,TPTS_CBNC_TT,11:15 AM,1D,121,Co.opMart Vi Thanh,1.000,1.000,,,,1,,false
3446984,,Hu tieu tuoi SAU THANH 250g,17413,100-HKD Sau Thanh,,TPTS_CBNC_TT,11:15 AM,1D,122,Co.opMart Tuy Hoa,1.000,1.000,,,,1,,false
3446984,false,Hu tieu tuoi SAU THANH 250g,17413,100-HKD Sau Thanh,,TPTS_CBNC_TT,11:15 AM,1D,12201,CH Co.opFood PY Vo Thi Sau,1.000,1.000,,,,1,,false
3446984,false,Hu tieu tuoi SAU THANH 250g,17413,100-HKD Sau Thanh,,TPTS_CBNC_TT,11:15 AM,1D,12202,CH Co.opFood PY Truong Chinh,1.000,1.000,,,,1,,false
3446984,false,Hu tieu tuoi SAU THANH 250g,17413,100-HKD Sau Thanh,,TPTS_CBNC_TT,11:15 AM,1D,12203,CH Co.opFood PY Chi Thanh,1.000,1.000,,,,1,,false
3446984,false,Hu tieu tuoi SAU THANH 250g,17413,100-HKD Sau Thanh,,TPTS_CBNC_TT,11:15 AM,1D,12204,CH Co.opFood PY Hoa Xuan Tay,1.000,1.000,,,,1,,false
3446984,false,Hu tieu tuoi SAU THANH 250g,17413,100-HKD Sau Thanh,,TPTS_CBNC_TT,11:15 AM,1D,12205,CH Co.opFood PY Tran Phu,1.000,1.000,,,,1,,false
3446984,false,Hu tieu tuoi SAU THANH 250g,17413,100-HKD Sau Thanh,,TPTS_CBNC_TT,11:15 AM,1D,12206,CH Co.opFood PY Nguyen Huu Tho,1.000,1.000,,,,1,,false
3446984,false,Hu tieu tuoi SAU THANH 250g,17413,100-HKD Sau Thanh,,TPTS_CBNC_TT,11:15 AM,1D,12207,CH Co.opFood PY Hoa Hiep Trung,1.000,1.000,,,,1,,false
3446984,false,Hu tieu tuoi SAU THANH 250g,17413,100-HKD Sau Thanh,,TPTS_CBNC_TT,11:15 AM,1D,12208,CH Co.opFood PY La Hai,1.000,1.000,,,,1,,false
3446984,false,Hu tieu tuoi SAU THANH 250g,17413,100-HKD Sau Thanh,,TPTS_CBNC_TT,11:15 AM,1D,12209,CH Co.opFood PY Song Cau,1.000,1.000,,,,1,,false
3446984,false,Hu tieu tuoi SAU THANH 250g,17413,100-HKD Sau Thanh,,TPTS_CBNC_TT,11:15 AM,1D,12210,CH Co.opFood PY Song Hinh,1.000,1.000,,,,1,,false
3446984,false,Hu tieu tuoi SAU THANH 250g,17413,100-HKD Sau Thanh,,TPTS_CBNC_TT,11:15 AM,1D,12211,CH Co.opFood PY Phu Thu,1.000,1.000,,,,1,,false
3446984,false,Hu tieu tuoi SAU THANH 250g,17413,100-HKD Sau Thanh,,TPTS_CBNC_TT,11:15 AM,1D,12212,CH Co.opFood PY Long Thuy,1.000,1.000,,,,1,,false
3446984,false,Hu tieu tuoi SAU THANH 250g,17413,100-HKD Sau Thanh,,TPTS_CBNC_TT,11:15 AM,1D,12213,CH Co.opFood PY Son Hoa,1.000,1.000,,,,1,,false
3446984,false,Hu tieu tuoi SAU THANH 250g,17413,100-HKD Sau Thanh,,TPTS_CBNC_TT,11:15 AM,1D,12214,CH Co.opFood PY Phu Lam,1.000,1.000,,,,1,,false
3446984,,Hu tieu tuoi SAU THANH 250g,17413,100-HKD Sau Thanh,,TPTS_CBNC_TT,11:15 AM,1D,123,Co.opMart Pleiku,1.000,1.000,,,,1,,false
3446984,,Hu tieu tuoi SAU THANH 250g,17413,100-HKD Sau Thanh,,TPTS_CBNC_TT,11:15 AM,1D,124,Co.opMart Bien Hoa,1.000,1.000,,,,1,,false
3446984,,Hu tieu tuoi SAU THANH 250g,17413,100-HKD Sau Thanh,,TPTS_CBNC_TT,11:15 AM,1D,127,Co.opMart Dong Xoai,1.000,1.000,,,,1,,false
3446984,false,Hu tieu tuoi SAU THANH 250g,17413,100-HKD Sau Thanh,,TPTS_CBNC_TT,11:15 AM,1D,12701,CH Co.opFood BP Nguyen Hue,1.000,1.000,,,,1,,false
3446984,,Hu tieu tuoi SAU THANH 250g,17413,100-HKD Sau Thanh,,TPTS_CBNC_TT,11:15 AM,1D,128,Co.opMart Da Nang,1.000,1.000,,,,1,,false
3446984,,Hu tieu tuoi SAU THANH 250g,17413,100-HKD Sau Thanh,,TPTS_CBNC_TT,11:15 AM,1D,130,Co.opMart Rach Mieu,1.000,1.000,,,,1,,false
3446984,,Hu tieu tuoi SAU THANH 250g,17413,100-HKD Sau Thanh,,TPTS_CBNC_TT,11:15 AM,1D,131,Co.opMart Vung Tau,1.000,1.000,,,,1,,false
3446984,,Hu tieu tuoi SAU THANH 250g,17413,100-HKD Sau Thanh,,TPTS_CBNC_TT,11:15 AM,1D,132,Co.opMart Tam Ky,1.000,1.000,,,,1,,false
3446984,,Hu tieu tuoi SAU THANH 250g,17413,100-HKD Sau Thanh,,TPTS_CBNC_TT,11:15 AM,1D,133,Co.opMart Nhieu Loc,1.000,1.000,,,,1,,false
3446984,,Hu tieu tuoi SAU THANH 250g,17413,100-HKD Sau Thanh,,TPTS_CBNC_TT,11:15 AM,1D,134,Co.opMart Tuy Ly Vuong,1.000,1.000,,,,1,,false
3446984,,Hu tieu tuoi SAU THANH 250g,17413,100-HKD Sau Thanh,,TPTS_CBNC_TT,11:15 AM,1D,135,Co.opMart 96 Hung Vuong,1.000,1.000,,,,1,,false
3446984,,Hu tieu tuoi SAU THANH 250g,17413,100-HKD Sau Thanh,,TPTS_CBNC_TT,11:15 AM,1D,136,Co.opMart Binh Tan,1.000,1.000,,,,1,,false
3446984,,Hu tieu tuoi SAU THANH 250g,17413,100-HKD Sau Thanh,,TPTS_CBNC_TT,11:15 AM,1D,137,Co.opMart Hue,1.000,1.000,,,,1,,false
3446984,,Hu tieu tuoi SAU THANH 250g,17413,100-HKD Sau Thanh,,TPTS_CBNC_TT,11:15 AM,1D,138,Co.opMart Buon Ma Thuot,1.000,1.000,,,,1,,false
3446984,,Hu tieu tuoi SAU THANH 250g,17413,100-HKD Sau Thanh,,TPTS_CBNC_TT,11:15 AM,1D,140,Co.opMart Nha Trang,1.000,1.000,,,,1,,false
3446984,false,Hu tieu tuoi SAU THANH 250g,17413,100-HKD Sau Thanh,,TPTS_CBNC_TT,11:15 AM,1D,14001,CH Co.opFood KH Vinh Thanh,1.000,1.000,,,,1,,false
3446984,,Hu tieu tuoi SAU THANH 250g,17413,100-HKD Sau Thanh,,TPTS_CBNC_TT,11:15 AM,1D,141,Co.opMart Nguyen Anh Thu,1.000,1.000,,,,1,,false
3446984,,Hu tieu tuoi SAU THANH 250g,17413,100-HKD Sau Thanh,,TPTS_CBNC_TT,11:15 AM,1D,142,Co.opMart Bac Lieu 2,1.000,1.000,,,,1,,false
3446984,false,Hu tieu tuoi SAU THANH 250g,17413,100-HKD Sau Thanh,,TPTS_CBNC_TT,11:15 AM,1D,14201,CH CF BL Nguyen Thi Minh Khai,1.000,1.000,,,,1,,false
3446984,false,Hu tieu tuoi SAU THANH 250g,17413,100-HKD Sau Thanh,,TPTS_CBNC_TT,11:15 AM,1D,14202,CH Co.opFood BL Le Duan,1.000,1.000,,,,1,,false
3446984,,Hu tieu tuoi SAU THANH 250g,17413,100-HKD Sau Thanh,,TPTS_CBNC_TT,11:15 AM,1D,144,Co.opMart Kien Giang,1.000,1.000,,,,1,,false
3446984,,Hu tieu tuoi SAU THANH 250g,17413,100-HKD Sau Thanh,,TPTS_CBNC_TT,11:15 AM,1D,145,Co.opMart Quang Ngai,1.000,1.000,,,,1,,false
3446984,,Hu tieu tuoi SAU THANH 250g,17413,100-HKD Sau Thanh,,TPTS_CBNC_TT,11:15 AM,1D,147,Co.opMart Soc Trang,1.000,1.000,,,,1,,false
3446984,false,Hu tieu tuoi SAU THANH 250g,17413,100-HKD Sau Thanh,,TPTS_CBNC_TT,11:15 AM,1D,14702,CH Co.opFood ST Tran De,1.000,1.000,,,,1,,false
3446984,false,Hu tieu tuoi SAU THANH 250g,17413,100-HKD Sau Thanh,,TPTS_CBNC_TT,11:15 AM,1D,1471,CH CFood 135 Truong Cong Dinh,1.000,1.000,,,,1,,false
3446984,,Hu tieu tuoi SAU THANH 250g,17413,100-HKD Sau Thanh,,TPTS_CBNC_TT,11:15 AM,1D,148,Co.opMart Thanh Ha,1.000,1.000,,,,1,,false
3446984,,Hu tieu tuoi SAU THANH 250g,17413,100-HKD Sau Thanh,,TPTS_CBNC_TT,11:15 AM,1D,150,Co.opMart Ha Tinh,1.000,1.000,,,,1,,false
3446984,false,Hu tieu tuoi SAU THANH 250g,17413,100-HKD Sau Thanh,,TPTS_CBNC_TT,11:15 AM,1D,15001,CH CFood HT Hai Thuong Lan Ong,1.000,1.000,,,,1,,false
3446984,false,Hu tieu tuoi SAU THANH 250g,17413,100-HKD Sau Thanh,,TPTS_CBNC_TT,11:15 AM,1D,15002,CH Co.opFood HT Hong Linh,1.000,1.000,,,,1,,false
3446984,false,Hu tieu tuoi SAU THANH 250g,17413,100-HKD Sau Thanh,,TPTS_CBNC_TT,11:15 AM,1D,15003,CH Co.opFood HT Nguyen Bien,1.000,1.000,,,,1,,false
3446984,false,Hu tieu tuoi SAU THANH 250g,17413,100-HKD Sau Thanh,,TPTS_CBNC_TT,11:15 AM,1D,15004,CH Co.opFood HT Vu Quang,1.000,1.000,,,,1,,false
3446984,false,Hu tieu tuoi SAU THANH 250g,17413,100-HKD Sau Thanh,,TPTS_CBNC_TT,11:15 AM,1D,15005,CH Co.opFood HT Ha Huy Tap,1.000,1.000,,,,1,,false
3446984,false,Hu tieu tuoi SAU THANH 250g,17413,100-HKD Sau Thanh,,TPTS_CBNC_TT,11:15 AM,1D,15006,CH Co.opFood HT Can Loc,1.000,1.000,,,,1,,false
3446984,,Hu tieu tuoi SAU THANH 250g,17413,100-HKD Sau Thanh,,TPTS_CBNC_TT,11:15 AM,1D,151,Co.opMart Cong Quynh,1.000,1.000,,,,1,,false
3446984,,Hu tieu tuoi SAU THANH 250g,17413,100-HKD Sau Thanh,,TPTS_CBNC_TT,11:15 AM,1D,152,Co.opMart Hoc Mon,1.000,1.000,,,,1,,false
3446984,,Hu tieu tuoi SAU THANH 250g,17413,100-HKD Sau Thanh,,TPTS_CBNC_TT,11:15 AM,1D,153,Co.opMart Hau Giang,1.000,1.000,,,,1,,false
3446984,,Hu tieu tuoi SAU THANH 250g,17413,100-HKD Sau Thanh,,TPTS_CBNC_TT,11:15 AM,1D,154,Co.opMart Phu Tho,1.000,1.000,,,,1,,false
3446984,,Hu tieu tuoi SAU THANH 250g,17413,100-HKD Sau Thanh,,TPTS_CBNC_TT,11:15 AM,1D,155,Co.opMart Nguyen Dinh Chieu,1.000,1.000,,,,1,,false
3446984,,Hu tieu tuoi SAU THANH 250g,17413,100-HKD Sau Thanh,,TPTS_CBNC_TT,11:15 AM,1D,157,Co.opMart Phu Lam,1.000,1.000,,,,1,,false
3446984,,Hu tieu tuoi SAU THANH 250g,17413,100-HKD Sau Thanh,,TPTS_CBNC_TT,11:15 AM,1D,158,Co.opMart Thang Loi,1.000,1.000,,,,1,,false
3446984,,Hu tieu tuoi SAU THANH 250g,17413,100-HKD Sau Thanh,,TPTS_CBNC_TT,11:15 AM,1D,159,Co.opMart Huynh Tan Phat,1.000,1.000,,,,1,,false
3446984,,Hu tieu tuoi SAU THANH 250g,17413,100-HKD Sau Thanh,,TPTS_CBNC_TT,11:15 AM,1D,160,Co.opMart Nguyen Kiem,1.000,1.000,,,,1,,false
3446984,,Hu tieu tuoi SAU THANH 250g,17413,100-HKD Sau Thanh,,TPTS_CBNC_TT,11:15 AM,1D,161,Co.opMart Xa Lo Ha Noi,1.000,1.000,,,,1,,false
3446984,,Hu tieu tuoi SAU THANH 250g,17413,100-HKD Sau Thanh,,TPTS_CBNC_TT,11:15 AM,1D,162,Co.opMart Phan Van Tri,1.000,1.000,,,,1,,false
3446984,,Hu tieu tuoi SAU THANH 250g,17413,100-HKD Sau Thanh,,TPTS_CBNC_TT,11:15 AM,1D,164,Co.opMart Ha Noi,1.000,1.000,,,,1,,false
3446984,,Hu tieu tuoi SAU THANH 250g,17413,100-HKD Sau Thanh,,TPTS_CBNC_TT,11:15 AM,1D,167,Co.opMart Dong Ha,1.000,1.000,,,,1,,false
3446984,,Hu tieu tuoi SAU THANH 250g,17413,100-HKD Sau Thanh,,TPTS_CBNC_TT,11:15 AM,1D,170,Co.opMart Tra Vinh,1.000,1.000,,,,1,,false
3446984,,Hu tieu tuoi SAU THANH 250g,17413,100-HKD Sau Thanh,,TPTS_CBNC_TT,11:15 AM,1D,171,Co.opMart Nga Bay Hau Giang,1.000,1.000,,,,1,,false
3446984,,Hu tieu tuoi SAU THANH 250g,17413,100-HKD Sau Thanh,,TPTS_CBNC_TT,11:15 AM,1D,173,Co.opMart Bao Loc,1.000,1.000,,,,1,,false
3446984,,Hu tieu tuoi SAU THANH 250g,17413,100-HKD Sau Thanh,,TPTS_CBNC_TT,11:15 AM,1D,174,Co.opMart Cam Ranh,1.000,1.000,,,,1,,false
3446984,,Hu tieu tuoi SAU THANH 250g,17413,100-HKD Sau Thanh,,TPTS_CBNC_TT,11:15 AM,1D,175,Co.opMart Cu Chi,1.000,1.000,,,,1,,false
3446984,,Hu tieu tuoi SAU THANH 250g,17413,100-HKD Sau Thanh,,TPTS_CBNC_TT,11:15 AM,1D,176,Co.opMart Tay Ninh,1.000,1.000,,,,1,,false
3446984,,Hu tieu tuoi SAU THANH 250g,17413,100-HKD Sau Thanh,,TPTS_CBNC_TT,11:15 AM,1D,178,Co.opMart Hoa Binh,1.000,1.000,,,,1,,false
3446984,,Hu tieu tuoi SAU THANH 250g,17413,100-HKD Sau Thanh,,TPTS_CBNC_TT,11:15 AM,1D,179,Co.opMart Vinh Phuc,1.000,1.000,,,,1,,false
3446984,,Hu tieu tuoi SAU THANH 250g,17413,100-HKD Sau Thanh,,TPTS_CBNC_TT,11:15 AM,1D,180,Co.opMart Can Gio,1.000,1.000,,,,1,,false
3446984,,Hu tieu tuoi SAU THANH 250g,17413,100-HKD Sau Thanh,,TPTS_CBNC_TT,11:15 AM,1D,183,Co.opMart Hai Phong,1.000,1.000,,,,1,,false
3446984,false,Hu tieu tuoi SAU THANH 250g,17413,100-HKD Sau Thanh,,TPTS_CBNC_TT,11:15 AM,1D,18301,CH Co.opFood HP Tran Hung Dao,1.000,1.000,,,,1,,false
3446984,,Hu tieu tuoi SAU THANH 250g,17413,100-HKD Sau Thanh,,TPTS_CBNC_TT,11:15 AM,1D,184,Co.opMart Rach Gia,1.000,1.000,,,,1,,false
3446984,,Hu tieu tuoi SAU THANH 250g,17413,100-HKD Sau Thanh,,TPTS_CBNC_TT,11:15 AM,1D,185,Co.opMart Thanh Hoa,1.000,1.000,,,,1,,false
3446984,false,Hu tieu tuoi SAU THANH 250g,17413,100-HKD Sau Thanh,,TPTS_CBNC_TT,11:15 AM,1D,18501,CH CF TH Chung cu Tecco Tower,1.000,1.000,,,,1,,false
3446984,false,Hu tieu tuoi SAU THANH 250g,17413,100-HKD Sau Thanh,,TPTS_CBNC_TT,11:15 AM,1D,18502,CH Co.opFood TH KDT Dong Son,1.000,1.000,,,,1,,false
3446984,false,Hu tieu tuoi SAU THANH 250g,17413,100-HKD Sau Thanh,,TPTS_CBNC_TT,11:15 AM,1D,18503,CH Co.opFood TH Sam Son,1.000,1.000,,,,1,,false
3446984,false,Hu tieu tuoi SAU THANH 250g,17413,100-HKD Sau Thanh,,TPTS_CBNC_TT,11:15 AM,1D,18504,CH CoopFood TH Duong Dinh Nghe,1.000,1.000,,,,1,,false
3446984,false,Hu tieu tuoi SAU THANH 250g,17413,100-HKD Sau Thanh,,TPTS_CBNC_TT,11:15 AM,1D,18505,CH Co.opFood TH Nam Ngan,1.000,1.000,,,,1,,false
3446984,false,Hu tieu tuoi SAU THANH 250g,17413,100-HKD Sau Thanh,,TPTS_CBNC_TT,11:15 AM,1D,18506,CH Co.opfood TH Tan Thanh,1.000,1.000,,,,1,,false
3446984,,Hu tieu tuoi SAU THANH 250g,17413,100-HKD Sau Thanh,,TPTS_CBNC_TT,11:15 AM,1D,186,Co.opMart Binh Trieu,1.000,1.000,,,,1,,false
3446984,,Hu tieu tuoi SAU THANH 250g,17413,100-HKD Sau Thanh,,TPTS_CBNC_TT,11:15 AM,1D,187,Co.opMart Can Tho,1.000,1.000,,,,1,,false
3446984,,Hu tieu tuoi SAU THANH 250g,17413,100-HKD Sau Thanh,,TPTS_CBNC_TT,11:15 AM,1D,189,Co.opMart Trang Bang,1.000,1.000,,,,1,,false
3446984,,Hu tieu tuoi SAU THANH 250g,17413,100-HKD Sau Thanh,,TPTS_CBNC_TT,11:15 AM,1D,196,Co.opMart Foodcosa,1.000,1.000,,,,1,,false
3446984,,Hu tieu tuoi SAU THANH 250g,17413,100-HKD Sau Thanh,,TPTS_CBNC_TT,11:15 AM,1D,197,Co.opMart Cao Lanh,1.000,1.000,,,,1,,false
3446984,,Hu tieu tuoi SAU THANH 250g,17413,100-HKD Sau Thanh,,TPTS_CBNC_TT,11:15 AM,1D,199,Co.opMart Ben Tre,1.000,1.000,,,,1,,false
3446984,,Hu tieu tuoi SAU THANH 250g,17413,100-HKD Sau Thanh,,TPTS_CBNC_TT,11:15 AM,1D,2001,CH Co.opFood Tan Thanh Dong,1.000,1.000,,,,1,,false
3446984,,Hu tieu tuoi SAU THANH 250g,17413,100-HKD Sau Thanh,,TPTS_CBNC_TT,11:15 AM,1D,2002,CH CFood An Duong Vuong 451,1.000,1.000,,,,1,,false
3446984,,Hu tieu tuoi SAU THANH 250g,17413,100-HKD Sau Thanh,,TPTS_CBNC_TT,11:15 AM,1D,2004,CH CFood Pham The Hien 2649,1.000,1.000,,,,1,,false
3446984,,Hu tieu tuoi SAU THANH 250g,17413,100-HKD Sau Thanh,,TPTS_CBNC_TT,11:15 AM,1D,2005,CH Co.opFood Ho Van Long 70,1.000,1.000,,,,1,,false
3446984,,Hu tieu tuoi SAU THANH 250g,17413,100-HKD Sau Thanh,,TPTS_CBNC_TT,11:15 AM,1D,2006,CH Co.opFood La Xuan Oai 138,1.000,1.000,,,,1,,false
3446984,,Hu tieu tuoi SAU THANH 250g,17413,100-HKD Sau Thanh,,TPTS_CBNC_TT,11:15 AM,1D,2007,CH Co.opFood Tran Trong Cung65,1.000,1.000,,,,1,,false
3446984,,Hu tieu tuoi SAU THANH 250g,17413,100-HKD Sau Thanh,,TPTS_CBNC_TT,11:15 AM,1D,2008,CH Co.opFood CC Hoang Quan,1.000,1.000,,,,1,,false
3446984,,Hu tieu tuoi SAU THANH 250g,17413,100-HKD Sau Thanh,,TPTS_CBNC_TT,11:15 AM,1D,2009,CH Co.opFood Go Dua 112,1.000,1.000,,,,1,,false
3446984,,Hu tieu tuoi SAU THANH 250g,17413,100-HKD Sau Thanh,,TPTS_CBNC_TT,11:15 AM,1D,2010,CH Co.opFood CC IDICO,1.000,1.000,,,,1,,false
3446984,,Hu tieu tuoi SAU THANH 250g,17413,100-HKD Sau Thanh,,TPTS_CBNC_TT,11:15 AM,1D,2011,CH Co.opFood CC LACASA,1.000,1.000,,,,1,,false
3446984,,Hu tieu tuoi SAU THANH 250g,17413,100-HKD Sau Thanh,,TPTS_CBNC_TT,11:15 AM,1D,2014,CH Co.opFood Kenh Tan Hoa,1.000,1.000,,,,1,,false
3446984,,Hu tieu tuoi SAU THANH 250g,17413,100-HKD Sau Thanh,,TPTS_CBNC_TT,11:15 AM,1D,2015,CH CFood Truong Phuoc Phan 169,1.000,1.000,,,,1,,false
3446984,,Hu tieu tuoi SAU THANH 250g,17413,100-HKD Sau Thanh,,TPTS_CBNC_TT,11:15 AM,1D,2016,CH Co.opFood Ha Huy Giap 302,1.000,1.000,,,,1,,false
3446984,,Hu tieu tuoi SAU THANH 250g,17413,100-HKD Sau Thanh,,TPTS_CBNC_TT,11:15 AM,1D,2017,CH Co.opFood Tan Son Nhi 387,1.000,1.000,,,,1,,false
3446984,,Hu tieu tuoi SAU THANH 250g,17413,100-HKD Sau Thanh,,TPTS_CBNC_TT,11:15 AM,1D,2018,CH Co.opFood Savimex,1.000,1.000,,,,1,,false
3446984,,Hu tieu tuoi SAU THANH 250g,17413,100-HKD Sau Thanh,,TPTS_CBNC_TT,11:15 AM,1D,2019,CH Co.opFood Phan Van Hon 151,1.000,1.000,,,,1,,false
3446984,,Hu tieu tuoi SAU THANH 250g,17413,100-HKD Sau Thanh,,TPTS_CBNC_TT,11:15 AM,1D,2021,CH Co.opFood CC 4S Linh Dong,1.000,1.000,,,,1,,false
3446984,,Hu tieu tuoi SAU THANH 250g,17413,100-HKD Sau Thanh,,TPTS_CBNC_TT,11:15 AM,1D,2023,CH Co.opFood DS2 Truong Tho,1.000,1.000,,,,1,,false
3446984,,Hu tieu tuoi SAU THANH 250g,17413,100-HKD Sau Thanh,,TPTS_CBNC_TT,11:15 AM,1D,2025,CH Co.opFood Tan Xuan,1.000,1.000,,,,1,,false
3446984,,Hu tieu tuoi SAU THANH 250g,17413,100-HKD Sau Thanh,,TPTS_CBNC_TT,11:15 AM,1D,2027,CH Co.opFood Tang Nhon Phu 26,1.000,1.000,,,,1,,false
3446984,,Hu tieu tuoi SAU THANH 250g,17413,100-HKD Sau Thanh,,TPTS_CBNC_TT,11:15 AM,1D,2028,CH Co.opFood KDC Thanh Nien,1.000,1.000,,,,1,,false
3446984,,Hu tieu tuoi SAU THANH 250g,17413,100-HKD Sau Thanh,,TPTS_CBNC_TT,11:15 AM,1D,2029,CH Co.opFood CC Dat Gia,1.000,1.000,,,,1,,false
3446984,,Hu tieu tuoi SAU THANH 250g,17413,100-HKD Sau Thanh,,TPTS_CBNC_TT,11:15 AM,1D,2030,CH CFood DS3 Hiep Binh Phuoc,1.000,1.000,,,,1,,false
3446984,,Hu tieu tuoi SAU THANH 250g,17413,100-HKD Sau Thanh,,TPTS_CBNC_TT,11:15 AM,1D,2031,CH Co.opFood Tinh Lo 43,1.000,1.000,,,,1,,false
3446984,,Hu tieu tuoi SAU THANH 250g,17413,100-HKD Sau Thanh,,TPTS_CBNC_TT,11:15 AM,1D,2032,CH CoopFood Nguyen Thi Soc 153,1.000,1.000,,,,1,,false
3446984,,Hu tieu tuoi SAU THANH 250g,17413,100-HKD Sau Thanh,,TPTS_CBNC_TT,11:15 AM,1D,2033,CH Co.opFood Ton Dan,1.000,1.000,,,,1,,false
3446984,,Hu tieu tuoi SAU THANH 250g,17413,100-HKD Sau Thanh,,TPTS_CBNC_TT,11:15 AM,1D,2034,CH Co.opFood Hau Lan,1.000,1.000,,,,1,,false
3446984,,Hu tieu tuoi SAU THANH 250g,17413,100-HKD Sau Thanh,,TPTS_CBNC_TT,11:15 AM,1D,2035,CH Co.opFood Tran Van Danh 12,1.000,1.000,,,,1,,false
3446984,,Hu tieu tuoi SAU THANH 250g,17413,100-HKD Sau Thanh,,TPTS_CBNC_TT,11:15 AM,1D,2039,CH CoopFood Nguyen Huu Tien 11,1.000,1.000,,,,1,,false
3446984,,Hu tieu tuoi SAU THANH 250g,17413,100-HKD Sau Thanh,,TPTS_CBNC_TT,11:15 AM,1D,2040,CH Co.opFood Ho Van Long 30,1.000,1.000,,,,1,,false
3446984,,Hu tieu tuoi SAU THANH 250g,17413,100-HKD Sau Thanh,,TPTS_CBNC_TT,11:15 AM,1D,2041,CH Co.opFood Thanh Loc 17,1.000,1.000,,,,1,,false
3446984,,Hu tieu tuoi SAU THANH 250g,17413,100-HKD Sau Thanh,,TPTS_CBNC_TT,11:15 AM,1D,2042,CH Co.opFood Nguyen Xi 247,1.000,1.000,,,,1,,false
3446984,,Hu tieu tuoi SAU THANH 250g,17413,100-HKD Sau Thanh,,TPTS_CBNC_TT,11:15 AM,1D,2043,CH Co.opFood CC Belleza,1.000,1.000,,,,1,,false
3446984,,Hu tieu tuoi SAU THANH 250g,17413,100-HKD Sau Thanh,,TPTS_CBNC_TT,11:15 AM,1D,2045,CH Co.opFood DS12 Truong Tho,1.000,1.000,,,,1,,false
3446984,,Hu tieu tuoi SAU THANH 250g,17413,100-HKD Sau Thanh,,TPTS_CBNC_TT,11:15 AM,1D,2046,CH Co.opFood CC Eastern,1.000,1.000,,,,1,,false
3446984,,Hu tieu tuoi SAU THANH 250g,17413,100-HKD Sau Thanh,,TPTS_CBNC_TT,11:15 AM,1D,2047,CH Co.opFood CC Dragon Hill,1.000,1.000,,,,1,,false
3446984,,Hu tieu tuoi SAU THANH 250g,17413,100-HKD Sau Thanh,,TPTS_CBNC_TT,11:15 AM,1D,2048,CH Co.opFood CC Him Lam Phu An,1.000,1.000,,,,1,,false
3446984,,Hu tieu tuoi SAU THANH 250g,17413,100-HKD Sau Thanh,,TPTS_CBNC_TT,11:15 AM,1D,2051,CH Co.opFood Binh An,1.000,1.000,,,,1,,false
3446984,,Hu tieu tuoi SAU THANH 250g,17413,100-HKD Sau Thanh,,TPTS_CBNC_TT,11:15 AM,1D,2052,CH Co.opFood Phan Xich Long 37,1.000,1.000,,,,1,,false
3446984,,Hu tieu tuoi SAU THANH 250g,17413,100-HKD Sau Thanh,,TPTS_CBNC_TT,11:15 AM,1D,2056,CH Co.opFood Vuon Lai 192,1.000,1.000,,,,1,,false
3446984,,Hu tieu tuoi SAU THANH 250g,17413,100-HKD Sau Thanh,,TPTS_CBNC_TT,11:15 AM,1D,2057,CH CoopFood Nguyen Thi Dang367,1.000,1.000,,,,1,,false
3446984,,Hu tieu tuoi SAU THANH 250g,17413,100-HKD Sau Thanh,,TPTS_CBNC_TT,11:15 AM,1D,2059,CH Co.opFood Tran Van Quang 86,1.000,1.000,,,,1,,false
3446984,,Hu tieu tuoi SAU THANH 250g,17413,100-HKD Sau Thanh,,TPTS_CBNC_TT,11:15 AM,1D,2060,CH Co.opFood Tinh Lo 8-628,1.000,1.000,,,,1,,false
3446984,,Hu tieu tuoi SAU THANH 250g,17413,100-HKD Sau Thanh,,TPTS_CBNC_TT,11:15 AM,1D,2063,CH Co.opFood Phan Van Han 182,1.000,1.000,,,,1,,false
3446984,,Hu tieu tuoi SAU THANH 250g,17413,100-HKD Sau Thanh,,TPTS_CBNC_TT,11:15 AM,1D,2064,CH Co.opFood Van Kiep 31,1.000,1.000,,,,1,,false
3446984,,Hu tieu tuoi SAU THANH 250g,17413,100-HKD Sau Thanh,,TPTS_CBNC_TT,11:15 AM,1D,2065,CH CoopFood Truong Van Thanh68,1.000,1.000,,,,1,,false
3446984,,Hu tieu tuoi SAU THANH 250g,17413,100-HKD Sau Thanh,,TPTS_CBNC_TT,11:15 AM,1D,2066,CH Co.opFood Tam Ha 64,1.000,1.000,,,,1,,false
3446984,,Hu tieu tuoi SAU THANH 250g,17413,100-HKD Sau Thanh,,TPTS_CBNC_TT,11:15 AM,1D,2069,CH Co.opFood Le Van Luong 1187,1.000,1.000,,,,1,,false
3446984,,Hu tieu tuoi SAU THANH 250g,17413,100-HKD Sau Thanh,,TPTS_CBNC_TT,11:15 AM,1D,2072,CH CFood CC Hoang Kim The Gia,1.000,1.000,,,,1,,false
3446984,,Hu tieu tuoi SAU THANH 250g,17413,100-HKD Sau Thanh,,TPTS_CBNC_TT,11:15 AM,1D,2073,CH Co.opFood Lien Khu 4-5,1.000,1.000,,,,1,,false
3446984,,Hu tieu tuoi SAU THANH 250g,17413,100-HKD Sau Thanh,,TPTS_CBNC_TT,11:15 AM,1D,2074,CH Co.opFood Le Thi Hoa 240,1.000,1.000,,,,1,,false
3446984,,Hu tieu tuoi SAU THANH 250g,17413,100-HKD Sau Thanh,,TPTS_CBNC_TT,11:15 AM,1D,2075,CH Co.opFood Do Xuan Hop 729,1.000,1.000,,,,1,,false
3446984,,Hu tieu tuoi SAU THANH 250g,17413,100-HKD Sau Thanh,,TPTS_CBNC_TT,11:15 AM,1D,2076,CH Co.opFood Tran Thi Co 292,1.000,1.000,,,,1,,false
3446984,,Hu tieu tuoi SAU THANH 250g,17413,100-HKD Sau Thanh,,TPTS_CBNC_TT,11:15 AM,1D,2077,CH Co.opFood Lam Van Ben 22,1.000,1.000,,,,1,,false
3446984,,Hu tieu tuoi SAU THANH 250g,17413,100-HKD Sau Thanh,,TPTS_CBNC_TT,11:15 AM,1D,2078,CH CFood Nguyen Thai Binh 349,1.000,1.000,,,,1,,false
3446984,,Hu tieu tuoi SAU THANH 250g,17413,100-HKD Sau Thanh,,TPTS_CBNC_TT,11:15 AM,1D,2079,CH Co.opFood DS9 Linh Tay,1.000,1.000,,,,1,,false
3446984,,Hu tieu tuoi SAU THANH 250g,17413,100-HKD Sau Thanh,,TPTS_CBNC_TT,11:15 AM,1D,2080,CH Co.opFood Tran Van Muoi 12,1.000,1.000,,,,1,,false
3446984,,Hu tieu tuoi SAU THANH 250g,17413,100-HKD Sau Thanh,,TPTS_CBNC_TT,11:15 AM,1D,2082,CH Co.opFood An Loc,1.000,1.000,,,,1,,false
3446984,,Hu tieu tuoi SAU THANH 250g,17413,100-HKD Sau Thanh,,TPTS_CBNC_TT,11:15 AM,1D,2085,CH Co.opFood Phan Van Hon 285,1.000,1.000,,,,1,,false
3446984,,Hu tieu tuoi SAU THANH 250g,17413,100-HKD Sau Thanh,,TPTS_CBNC_TT,11:15 AM,1D,2086,CH Co.opFood Truong Chinh 22,1.000,1.000,,,,1,,false
3446984,,Hu tieu tuoi SAU THANH 250g,17413,100-HKD Sau Thanh,,TPTS_CBNC_TT,11:15 AM,1D,2087,CH Co.opFood Vision,1.000,1.000,,,,1,,false
3446984,,Hu tieu tuoi SAU THANH 250g,17413,100-HKD Sau Thanh,,TPTS_CBNC_TT,11:15 AM,1D,2088,CH Co.opFood Tam Phu,1.000,1.000,,,,1,,false
3446984,,Hu tieu tuoi SAU THANH 250g,17413,100-HKD Sau Thanh,,TPTS_CBNC_TT,11:15 AM,1D,2089,CH Co.opFood Sunview,1.000,1.000,,,,1,,false
3446984,,Hu tieu tuoi SAU THANH 250g,17413,100-HKD Sau Thanh,,TPTS_CBNC_TT,11:15 AM,1D,2091,CH Co.opFood Him Lam Cho Lon,1.000,1.000,,,,1,,false
3446984,,Hu tieu tuoi SAU THANH 250g,17413,100-HKD Sau Thanh,,TPTS_CBNC_TT,11:15 AM,1D,2092,CH Co.opFood Dong Tang Long,1.000,1.000,,,,1,,false
3446984,,Hu tieu tuoi SAU THANH 250g,17413,100-HKD Sau Thanh,,TPTS_CBNC_TT,11:15 AM,1D,2093,CH Co.opFood CC Linh Tay Tower,1.000,1.000,,,,1,,false
3446984,,Hu tieu tuoi SAU THANH 250g,17413,100-HKD Sau Thanh,,TPTS_CBNC_TT,11:15 AM,1D,2094,CH Co.opFood 9 View,1.000,1.000,,,,1,,false
3446984,,Hu tieu tuoi SAU THANH 250g,17413,100-HKD Sau Thanh,,TPTS_CBNC_TT,11:15 AM,1D,2095,CH Co.opFood Thu Thiem Garden,1.000,1.000,,,,1,,false
3446984,,Hu tieu tuoi SAU THANH 250g,17413,100-HKD Sau Thanh,,TPTS_CBNC_TT,11:15 AM,1D,2096,CH CoopFood Tran Quoc Thao 171,1.000,1.000,,,,1,,false
3446984,,Hu tieu tuoi SAU THANH 250g,17413,100-HKD Sau Thanh,,TPTS_CBNC_TT,11:15 AM,1D,2097,CH Co.opFood Pham Van Hai 91,1.000,1.000,,,,1,,false
3446984,,Hu tieu tuoi SAU THANH 250g,17413,100-HKD Sau Thanh,,TPTS_CBNC_TT,11:15 AM,1D,2098,CH Co.opFood The Garden Mall,1.000,1.000,,,,1,,false
3446984,,Hu tieu tuoi SAU THANH 250g,17413,100-HKD Sau Thanh,,TPTS_CBNC_TT,11:15 AM,1D,2100,CH Co.opFood Le Van Luong 302,1.000,1.000,,,,1,,false
3446984,,Hu tieu tuoi SAU THANH 250g,17413,100-HKD Sau Thanh,,TPTS_CBNC_TT,11:15 AM,1D,2101,CH Co.opFood Dat Moi 272,1.000,1.000,,,,1,,false
3446984,,Hu tieu tuoi SAU THANH 250g,17413,100-HKD Sau Thanh,,TPTS_CBNC_TT,11:15 AM,1D,2102,CH Co.opFood To Ngoc Van 478,1.000,1.000,,,,1,,false
3446984,,Hu tieu tuoi SAU THANH 250g,17413,100-HKD Sau Thanh,,TPTS_CBNC_TT,11:15 AM,1D,2103,CH Co.opFood Phu Huu,1.000,1.000,,,,1,,false
3446984,,Hu tieu tuoi SAU THANH 250g,17413,100-HKD Sau Thanh,,TPTS_CBNC_TT,11:15 AM,1D,2104,CH Co.opFood Cay Tram,1.000,1.000,,,,1,,false
3446984,,Hu tieu tuoi SAU THANH 250g,17413,100-HKD Sau Thanh,,TPTS_CBNC_TT,11:15 AM,1D,2105,CH Co.opFood Tinh Lo 15-275,1.000,1.000,,,,1,,false
3446984,,Hu tieu tuoi SAU THANH 250g,17413,100-HKD Sau Thanh,,TPTS_CBNC_TT,11:15 AM,1D,2106,CH Co.opFood CC Calla Garden,1.000,1.000,,,,1,,false
3446984,,Hu tieu tuoi SAU THANH 250g,17413,100-HKD Sau Thanh,,TPTS_CBNC_TT,11:15 AM,1D,2107,CH Co.opFood Nguyen Kiem,1.000,1.000,,,,1,,false
3446984,,Hu tieu tuoi SAU THANH 250g,17413,100-HKD Sau Thanh,,TPTS_CBNC_TT,11:15 AM,1D,2108,CH Co.opFood Chung cu Ehome S,1.000,1.000,,,,1,,false
3446984,,Hu tieu tuoi SAU THANH 250g,17413,100-HKD Sau Thanh,,TPTS_CBNC_TT,11:15 AM,1D,2109,CH Co.opFood Le Duc Tho 269,1.000,1.000,,,,1,,false
3446984,,Hu tieu tuoi SAU THANH 250g,17413,100-HKD Sau Thanh,,TPTS_CBNC_TT,11:15 AM,1D,211,CH Co.opFood Phan Van Tri,1.000,1.000,,,,1,,false
3446984,,Hu tieu tuoi SAU THANH 250g,17413,100-HKD Sau Thanh,,TPTS_CBNC_TT,11:15 AM,1D,2110,CH CFood Nguyen Thi Bup 101M,1.000,1.000,,,,1,,false
3446984,,Hu tieu tuoi SAU THANH 250g,17413,100-HKD Sau Thanh,,TPTS_CBNC_TT,11:15 AM,1D,2111,CH Co.opFood Pham Nhu Tang 11,1.000,1.000,,,,1,,false
3446984,,Hu tieu tuoi SAU THANH 250g,17413,100-HKD Sau Thanh,,TPTS_CBNC_TT,11:15 AM,1D,2112,CH CFood CC Lovera Khang Dien,1.000,1.000,,,,1,,false
3446984,,Hu tieu tuoi SAU THANH 250g,17413,100-HKD Sau Thanh,,TPTS_CBNC_TT,11:15 AM,1D,2113,CH CFood Chung cu Saigon Co.op,1.000,1.000,,,,1,,false
3446984,,Hu tieu tuoi SAU THANH 250g,17413,100-HKD Sau Thanh,,TPTS_CBNC_TT,11:15 AM,1D,2114,CH CFood CC Diamond Riverside,1.000,1.000,,,,1,,false
3446984,,Hu tieu tuoi SAU THANH 250g,17413,100-HKD Sau Thanh,,TPTS_CBNC_TT,11:15 AM,1D,2115,CH Co.opFood Thanh Da,1.000,1.000,,,,1,,false
3446984,,Hu tieu tuoi SAU THANH 250g,17413,100-HKD Sau Thanh,,TPTS_CBNC_TT,11:15 AM,1D,2116,CH Co.opFood Tay Thanh,1.000,1.000,,,,1,,false
3446984,,Hu tieu tuoi SAU THANH 250g,17413,100-HKD Sau Thanh,,TPTS_CBNC_TT,11:15 AM,1D,2117,CH CoopFood Duong So 1 Ten Lua,1.000,1.000,,,,1,,false
3446984,,Hu tieu tuoi SAU THANH 250g,17413,100-HKD Sau Thanh,,TPTS_CBNC_TT,11:15 AM,1D,2119,CH Co.opFood Lien Ap 2-6,1.000,1.000,,,,1,,false
3446984,,Hu tieu tuoi SAU THANH 250g,17413,100-HKD Sau Thanh,,TPTS_CBNC_TT,11:15 AM,1D,212,CH Co.opFood Pasteur,1.000,1.000,,,,1,,false
3446984,,Hu tieu tuoi SAU THANH 250g,17413,100-HKD Sau Thanh,,TPTS_CBNC_TT,11:15 AM,1D,2120,CH Co.opFood Nguyen Thong 1,1.000,1.000,,,,1,,false
3446984,,Hu tieu tuoi SAU THANH 250g,17413,100-HKD Sau Thanh,,TPTS_CBNC_TT,11:15 AM,1D,2121,CH Co.opFood Ba Dinh,1.000,1.000,,,,1,,false
3446984,,Hu tieu tuoi SAU THANH 250g,17413,100-HKD Sau Thanh,,TPTS_CBNC_TT,11:15 AM,1D,2123,CH Co.opFood Binh Khanh,1.000,1.000,,,,1,,false
3446984,,Hu tieu tuoi SAU THANH 250g,17413,100-HKD Sau Thanh,,TPTS_CBNC_TT,11:15 AM,1D,2124,CH Co.opFood Thoai Ngoc Hau 1,1.000,1.000,,,,1,,false
3446984,,Hu tieu tuoi SAU THANH 250g,17413,100-HKD Sau Thanh,,TPTS_CBNC_TT,11:15 AM,1D,2125,CH Co.opFood Vinh Vien 393,1.000,1.000,,,,1,,false
3446984,,Hu tieu tuoi SAU THANH 250g,17413,100-HKD Sau Thanh,,TPTS_CBNC_TT,11:15 AM,1D,2126,CH Co.opFood CC Phu Gia,1.000,1.000,,,,1,,false
3446984,,Hu tieu tuoi SAU THANH 250g,17413,100-HKD Sau Thanh,,TPTS_CBNC_TT,11:15 AM,1D,2128,CH CFood CC Safira Khang Dien,1.000,1.000,,,,1,,false
3446984,,Hu tieu tuoi SAU THANH 250g,17413,100-HKD Sau Thanh,,TPTS_CBNC_TT,11:15 AM,1D,2129,CH Co.opFood Nguyen Van Tao,1.000,1.000,,,,1,,false
3446984,,Hu tieu tuoi SAU THANH 250g,17413,100-HKD Sau Thanh,,TPTS_CBNC_TT,11:15 AM,1D,213,CH Co.opFood Tran Chanh Chieu,1.000,1.000,,,,1,,false
3446984,,Hu tieu tuoi SAU THANH 250g,17413,100-HKD Sau Thanh,,TPTS_CBNC_TT,11:15 AM,1D,2130,CH Co.opFood Ho Van Tu,1.000,1.000,,,,1,,false
3446984,,Hu tieu tuoi SAU THANH 250g,17413,100-HKD Sau Thanh,,TPTS_CBNC_TT,11:15 AM,1D,2131,CH Co.opFood Quach Dinh Bao,1.000,1.000,,,,1,,false
3446984,,Hu tieu tuoi SAU THANH 250g,17413,100-HKD Sau Thanh,,TPTS_CBNC_TT,11:15 AM,1D,2132,CH Co.opFood Truong Quoc Dung,1.000,1.000,,,,1,,false
3446984,,Hu tieu tuoi SAU THANH 250g,17413,100-HKD Sau Thanh,,TPTS_CBNC_TT,11:15 AM,1D,2134,CH Co.opFood CC Phu Hoang Anh,1.000,1.000,,,,1,,false
3446984,,Hu tieu tuoi SAU THANH 250g,17413,100-HKD Sau Thanh,,TPTS_CBNC_TT,11:15 AM,1D,2135,CH Co.opFood Nguyen Van Dung,1.000,1.000,,,,1,,false
3446984,,Hu tieu tuoi SAU THANH 250g,17413,100-HKD Sau Thanh,,TPTS_CBNC_TT,11:15 AM,1D,2136,CH Co.opFood Phu Dinh,1.000,1.000,,,,1,,false
3446984,,Hu tieu tuoi SAU THANH 250g,17413,100-HKD Sau Thanh,,TPTS_CBNC_TT,11:15 AM,1D,2137,CH CF Nguyen Thai Hoc Premium,1.000,1.000,,,,1,,false
3446984,,Hu tieu tuoi SAU THANH 250g,17413,100-HKD Sau Thanh,,TPTS_CBNC_TT,11:15 AM,1D,2138,CH CFood Duong so 8 Linh Trung,1.000,1.000,,,,1,,false
3446984,,Hu tieu tuoi SAU THANH 250g,17413,100-HKD Sau Thanh,,TPTS_CBNC_TT,11:15 AM,1D,214,CH Co.opFood Chu Van An,1.000,1.000,,,,1,,false
3446984,,Hu tieu tuoi SAU THANH 250g,17413,100-HKD Sau Thanh,,TPTS_CBNC_TT,11:15 AM,1D,2141,CH Co.opFood Thoi Hoa,1.000,1.000,,,,1,,false
3446984,,Hu tieu tuoi SAU THANH 250g,17413,100-HKD Sau Thanh,,TPTS_CBNC_TT,11:15 AM,1D,2142,CH Co.opFood Ky Dong,1.000,1.000,,,,1,,false
3446984,,Hu tieu tuoi SAU THANH 250g,17413,100-HKD Sau Thanh,,TPTS_CBNC_TT,11:15 AM,1D,2143,CH Co.opFood Hoang Huu Nam,1.000,1.000,,,,1,,false
3446984,,Hu tieu tuoi SAU THANH 250g,17413,100-HKD Sau Thanh,,TPTS_CBNC_TT,11:15 AM,1D,2145,CH Co.opFood Bong Sao,1.000,1.000,,,,1,,false
3446984,,Hu tieu tuoi SAU THANH 250g,17413,100-HKD Sau Thanh,,TPTS_CBNC_TT,11:15 AM,1D,2146,CH Co.opFood Lac Long Quan,1.000,1.000,,,,1,,false
3446984,,Hu tieu tuoi SAU THANH 250g,17413,100-HKD Sau Thanh,,TPTS_CBNC_TT,11:15 AM,1D,2147,CH Co.opFood Ehome 3,1.000,1.000,,,,1,,false
3446984,,Hu tieu tuoi SAU THANH 250g,17413,100-HKD Sau Thanh,,TPTS_CBNC_TT,11:15 AM,1D,2148,CH Co.opFood Nguyen Sy Sach,1.000,1.000,,,,1,,false
3446984,,Hu tieu tuoi SAU THANH 250g,17413,100-HKD Sau Thanh,,TPTS_CBNC_TT,11:15 AM,1D,2149,CH Co.opFood Hoang Huu Nam 222,1.000,1.000,,,,1,,false
3446984,,Hu tieu tuoi SAU THANH 250g,17413,100-HKD Sau Thanh,,TPTS_CBNC_TT,11:15 AM,1D,215,CH Co.opFood Dong Thanh,1.000,1.000,,,,1,,false
3446984,,Hu tieu tuoi SAU THANH 250g,17413,100-HKD Sau Thanh,,TPTS_CBNC_TT,11:15 AM,1D,2150,CH Co.opFood Nguyen Van Dau 21,1.000,1.000,,,,1,,false
3446984,,Hu tieu tuoi SAU THANH 250g,17413,100-HKD Sau Thanh,,TPTS_CBNC_TT,11:15 AM,1D,2151,CH Co.opFood Duong D5 87,1.000,1.000,,,,1,,false
3446984,,Hu tieu tuoi SAU THANH 250g,17413,100-HKD Sau Thanh,,TPTS_CBNC_TT,11:15 AM,1D,2152,CH Co.opFood Trung My Tay,1.000,1.000,,,,1,,false
3446984,,Hu tieu tuoi SAU THANH 250g,17413,100-HKD Sau Thanh,,TPTS_CBNC_TT,11:15 AM,1D,2153,CH Co.opFood CC Akari City,1.000,1.000,,,,1,,false
3446984,,Hu tieu tuoi SAU THANH 250g,17413,100-HKD Sau Thanh,,TPTS_CBNC_TT,11:15 AM,1D,2154,CH Co.opFood No Trang Long 17,1.000,1.000,,,,1,,false
3446984,,Hu tieu tuoi SAU THANH 250g,17413,100-HKD Sau Thanh,,TPTS_CBNC_TT,11:15 AM,1D,2155,CH Co.opFood Cao Lo,1.000,1.000,,,,1,,false
3446984,,Hu tieu tuoi SAU THANH 250g,17413,100-HKD Sau Thanh,,TPTS_CBNC_TT,11:15 AM,1D,2156,CH Co.opFood Phan Dinh Phung,1.000,1.000,,,,1,,false
3446984,,Hu tieu tuoi SAU THANH 250g,17413,100-HKD Sau Thanh,,TPTS_CBNC_TT,11:15 AM,1D,2157,CH Co.opFood CC Hoang Quan 2,1.000,1.000,,,,1,,false
3446984,,Hu tieu tuoi SAU THANH 250g,17413,100-HKD Sau Thanh,,TPTS_CBNC_TT,11:15 AM,1D,2158,CH Co.opFood CC Lavita Charm,1.000,1.000,,,,1,,false
3446984,,Hu tieu tuoi SAU THANH 250g,17413,100-HKD Sau Thanh,,TPTS_CBNC_TT,11:15 AM,1D,2159,CH Co.opFood Le Van Tho 561,1.000,1.000,,,,1,,false
3446984,,Hu tieu tuoi SAU THANH 250g,17413,100-HKD Sau Thanh,,TPTS_CBNC_TT,11:15 AM,1D,2160,CF Dinh Phong Phu 88,1.000,1.000,,,,1,,false
3446984,,Hu tieu tuoi SAU THANH 250g,17413,100-HKD Sau Thanh,,TPTS_CBNC_TT,11:15 AM,1D,2161,CH CFood CC SunriseRiverside,1.000,1.000,,,,1,,false
3446984,,Hu tieu tuoi SAU THANH 250g,17413,100-HKD Sau Thanh,,TPTS_CBNC_TT,11:15 AM,1D,2162,CH CFood CC HoangAnh GoldHouse,1.000,1.000,,,,1,,false
3446984,,Hu tieu tuoi SAU THANH 250g,17413,100-HKD Sau Thanh,,TPTS_CBNC_TT,11:15 AM,1D,2163,CF Ly Chieu Hoang 113,1.000,1.000,,,,1,,false
3446984,,Hu tieu tuoi SAU THANH 250g,17413,100-HKD Sau Thanh,,TPTS_CBNC_TT,11:15 AM,1D,2164,CF CC Hausneo,1.000,1.000,,,,1,,false
3446984,,Hu tieu tuoi SAU THANH 250g,17413,100-HKD Sau Thanh,,TPTS_CBNC_TT,11:15 AM,1D,2165,CH Co.opFod Tran Tan 70,1.000,1.000,,,,1,,false
3446984,,Hu tieu tuoi SAU THANH 250g,17413,100-HKD Sau Thanh,,TPTS_CBNC_TT,11:15 AM,1D,2166,CH Co.opFood Duong 11 Linh Xuan,1.000,1.000,,,,1,,false
3446984,,Hu tieu tuoi SAU THANH 250g,17413,100-HKD Sau Thanh,,TPTS_CBNC_TT,11:15 AM,1D,2167,CH Co.opFood Tay Hoa 149,1.000,1.000,,,,1,,false
3446984,,Hu tieu tuoi SAU THANH 250g,17413,100-HKD Sau Thanh,,TPTS_CBNC_TT,11:15 AM,1D,2168,CH Co.opFood Binh Thoi 205,1.000,1.000,,,,1,,false
3446984,,Hu tieu tuoi SAU THANH 250g,17413,100-HKD Sau Thanh,,TPTS_CBNC_TT,11:15 AM,1D,2169,CH Co.opFood Kha Van Can 557,1.000,1.000,,,,1,,false
3446984,,Hu tieu tuoi SAU THANH 250g,17413,100-HKD Sau Thanh,,TPTS_CBNC_TT,11:15 AM,1D,217,CH Co.opFood Le Van Sy,1.000,1.000,,,,1,,false
3446984,,Hu tieu tuoi SAU THANH 250g,17413,100-HKD Sau Thanh,,TPTS_CBNC_TT,11:15 AM,1D,2170,CH Co.opFood Lac Long Quan 87,1.000,1.000,,,,1,,false
3446984,,Hu tieu tuoi SAU THANH 250g,17413,100-HKD Sau Thanh,,TPTS_CBNC_TT,11:15 AM,1D,2171,CH Co.opFood Chung Cu Ha Do,1.000,1.000,,,,1,,false
3446984,,Hu tieu tuoi SAU THANH 250g,17413,100-HKD Sau Thanh,,TPTS_CBNC_TT,11:15 AM,1D,2172,CH CF CC Centum Wealth Complex,1.000,1.000,,,,1,,false
3446984,,Hu tieu tuoi SAU THANH 250g,17413,100-HKD Sau Thanh,,TPTS_CBNC_TT,11:15 AM,1D,2174,CH Co.opFood Chung Cu Cityland,1.000,1.000,,,,1,,false
3446984,,Hu tieu tuoi SAU THANH 250g,17413,100-HKD Sau Thanh,,TPTS_CBNC_TT,11:15 AM,1D,2175,CH Co.opFood Nguyen Hong,1.000,1.000,,,,1,,false
3446984,,Hu tieu tuoi SAU THANH 250g,17413,100-HKD Sau Thanh,,TPTS_CBNC_TT,11:15 AM,1D,2176,CH Co.opFood CC Sky 9,1.000,1.000,,,,1,,false
3446984,false,Hu tieu tuoi SAU THANH 250g,17413,100-HKD Sau Thanh,,TPTS_CBNC_TT,11:15 AM,1D,2177,CH Co.opFood Luong The Vinh 30,1.000,1.000,,,,1,,false
3446984,false,Hu tieu tuoi SAU THANH 250g,17413,100-HKD Sau Thanh,,TPTS_CBNC_TT,11:15 AM,1D,2178,CH Co.opFood CC Rainbow S1.07,1.000,1.000,,,,1,,false
3446984,false,Hu tieu tuoi SAU THANH 250g,17413,100-HKD Sau Thanh,,TPTS_CBNC_TT,11:15 AM,1D,2179,CH Co.opFood CC Rainbow S3.02,1.000,1.000,,,,1,,false
3446984,,Hu tieu tuoi SAU THANH 250g,17413,100-HKD Sau Thanh,,TPTS_CBNC_TT,11:15 AM,1D,218,CH Co.opFood Cho Lon,1.000,1.000,,,,1,,false
3446984,false,Hu tieu tuoi SAU THANH 250g,17413,100-HKD Sau Thanh,,TPTS_CBNC_TT,11:15 AM,1D,2180,CH Co.opFood CC Origami S10.03,1.000,1.000,,,,1,,false
3446984,false,Hu tieu tuoi SAU THANH 250g,17413,100-HKD Sau Thanh,,TPTS_CBNC_TT,11:15 AM,1D,2181,CH Co.opFood CC Origami S10.07,1.000,1.000,,,,1,,false
3446984,false,Hu tieu tuoi SAU THANH 250g,17413,100-HKD Sau Thanh,,TPTS_CBNC_TT,11:15 AM,1D,2182,CH Co.opFood CC Origami S8.01,1.000,1.000,,,,1,,false
3446984,false,Hu tieu tuoi SAU THANH 250g,17413,100-HKD Sau Thanh,,TPTS_CBNC_TT,11:15 AM,1D,2183,CH Co.opFood CC Origami S7.03,1.000,1.000,,,,1,,false
3446984,false,Hu tieu tuoi SAU THANH 250g,17413,100-HKD Sau Thanh,,TPTS_CBNC_TT,11:15 AM,1D,2184,CH Co.opFood CC Happy City,1.000,1.000,,,,1,,false
3446984,,Hu tieu tuoi SAU THANH 250g,17413,100-HKD Sau Thanh,,TPTS_CBNC_TT,11:15 AM,1D,220,CH Co.opFood Bach Ma,1.000,1.000,,,,1,,false
3446984,,Hu tieu tuoi SAU THANH 250g,17413,100-HKD Sau Thanh,,TPTS_CBNC_TT,11:15 AM,1D,221,CH Co.opFood Dang Van Bi,1.000,1.000,,,,1,,false
3446984,,Hu tieu tuoi SAU THANH 250g,17413,100-HKD Sau Thanh,,TPTS_CBNC_TT,11:15 AM,1D,225,CH Co.opFood Tan Thoi Hiep,1.000,1.000,,,,1,,false
3446984,,Hu tieu tuoi SAU THANH 250g,17413,100-HKD Sau Thanh,,TPTS_CBNC_TT,11:15 AM,1D,226,CH Co.opFood Phuc An Loc,1.000,1.000,,,,1,,false
3446984,,Hu tieu tuoi SAU THANH 250g,17413,100-HKD Sau Thanh,,TPTS_CBNC_TT,11:15 AM,1D,227,CH Co.opFood Linh Trung,1.000,1.000,,,,1,,false
3446984,,Hu tieu tuoi SAU THANH 250g,17413,100-HKD Sau Thanh,,TPTS_CBNC_TT,11:15 AM,1D,228,CH Co.opFood Nguyen Ba Tong,1.000,1.000,,,,1,,false
3446984,,Hu tieu tuoi SAU THANH 250g,17413,100-HKD Sau Thanh,,TPTS_CBNC_TT,11:15 AM,1D,229,CH Co.opFood Le Duc Tho,1.000,1.000,,,,1,,false
3446984,,Hu tieu tuoi SAU THANH 250g,17413,100-HKD Sau Thanh,,TPTS_CBNC_TT,11:15 AM,1D,230,CH Co.opFood Le Quang Dinh,1.000,1.000,,,,1,,false
3446984,,Hu tieu tuoi SAU THANH 250g,17413,100-HKD Sau Thanh,,TPTS_CBNC_TT,11:15 AM,1D,233,CH Co.opFood Nguyen Thi Dinh,1.000,1.000,,,,1,,false
3446984,,Hu tieu tuoi SAU THANH 250g,17413,100-HKD Sau Thanh,,TPTS_CBNC_TT,11:15 AM,1D,234,CH Co.opFood Le Van Tho,1.000,1.000,,,,1,,false
3446984,,Hu tieu tuoi SAU THANH 250g,17413,100-HKD Sau Thanh,,TPTS_CBNC_TT,11:15 AM,1D,236,CH Co.opFood Thao Dien,1.000,1.000,,,,1,,false
3446984,,Hu tieu tuoi SAU THANH 250g,17413,100-HKD Sau Thanh,,TPTS_CBNC_TT,11:15 AM,1D,237,CH Co.opFood Binh Trung,1.000,1.000,,,,1,,false
3446984,,Hu tieu tuoi SAU THANH 250g,17413,100-HKD Sau Thanh,,TPTS_CBNC_TT,11:15 AM,1D,238,CH Co.opFood Hiep Binh,1.000,1.000,,,,1,,false
3446984,,Hu tieu tuoi SAU THANH 250g,17413,100-HKD Sau Thanh,,TPTS_CBNC_TT,11:15 AM,1D,239,CH Co.opFood Phu Loi,1.000,1.000,,,,1,,false
3446984,,Hu tieu tuoi SAU THANH 250g,17413,100-HKD Sau Thanh,,TPTS_CBNC_TT,11:15 AM,1D,240,CH Co.opFood Tran Quang Khai,1.000,1.000,,,,1,,false
3446984,,Hu tieu tuoi SAU THANH 250g,17413,100-HKD Sau Thanh,,TPTS_CBNC_TT,11:15 AM,1D,243,CH Co.opFood Nguyen Van Qua,1.000,1.000,,,,1,,false
3446984,,Hu tieu tuoi SAU THANH 250g,17413,100-HKD Sau Thanh,,TPTS_CBNC_TT,11:15 AM,1D,244,CH Co.opFood Cho Cau,1.000,1.000,,,,1,,false
3446984,,Hu tieu tuoi SAU THANH 250g,17413,100-HKD Sau Thanh,,TPTS_CBNC_TT,11:15 AM,1D,245,CH Co.opFood Nguyen Oanh,1.000,1.000,,,,1,,false
3446984,,Hu tieu tuoi SAU THANH 250g,17413,100-HKD Sau Thanh,,TPTS_CBNC_TT,11:15 AM,1D,246,CH Co.opFood Nguyen Cuu Dam,1.000,1.000,,,,1,,false
3446984,,Hu tieu tuoi SAU THANH 250g,17413,100-HKD Sau Thanh,,TPTS_CBNC_TT,11:15 AM,1D,247,CH Co.opFood Lam Van Ben,1.000,1.000,,,,1,,false
3446984,,Hu tieu tuoi SAU THANH 250g,17413,100-HKD Sau Thanh,,TPTS_CBNC_TT,11:15 AM,1D,249,CH Co.opFood Tran Xuan Soan,1.000,1.000,,,,1,,false
3446984,,Hu tieu tuoi SAU THANH 250g,17413,100-HKD Sau Thanh,,TPTS_CBNC_TT,11:15 AM,1D,251,CH Co.opFood Do Xuan Hop,1.000,1.000,,,,1,,false
3446984,,Hu tieu tuoi SAU THANH 250g,17413,100-HKD Sau Thanh,,TPTS_CBNC_TT,11:15 AM,1D,254,CH Co.opFood Vinh Hoi,1.000,1.000,,,,1,,false
3446984,,Hu tieu tuoi SAU THANH 250g,17413,100-HKD Sau Thanh,,TPTS_CBNC_TT,11:15 AM,1D,255,CH Co.opFood Pham The Hien,1.000,1.000,,,,1,,false
3446984,,Hu tieu tuoi SAU THANH 250g,17413,100-HKD Sau Thanh,,TPTS_CBNC_TT,11:15 AM,1D,256,CH Co.opFood Phu Xuan,1.000,1.000,,,,1,,false
3446984,,Hu tieu tuoi SAU THANH 250g,17413,100-HKD Sau Thanh,,TPTS_CBNC_TT,11:15 AM,1D,259,CH Co.opFood Le Van Quoi,1.000,1.000,,,,1,,false
3446984,,Hu tieu tuoi SAU THANH 250g,17413,100-HKD Sau Thanh,,TPTS_CBNC_TT,11:15 AM,1D,261,CH Co.opFood Quang Trung,1.000,1.000,,,,1,,false
3446984,,Hu tieu tuoi SAU THANH 250g,17413,100-HKD Sau Thanh,,TPTS_CBNC_TT,11:15 AM,1D,262,CH Co.opFood Huynh Tan Phat,1.000,1.000,,,,1,,false
3446984,,Hu tieu tuoi SAU THANH 250g,17413,100-HKD Sau Thanh,,TPTS_CBNC_TT,11:15 AM,1D,263,CH Co.opFood Nha Be,1.000,1.000,,,,1,,false
3446984,,Hu tieu tuoi SAU THANH 250g,17413,100-HKD Sau Thanh,,TPTS_CBNC_TT,11:15 AM,1D,267,CH Co.opFood Kha Van Can,1.000,1.000,,,,1,,false
3446984,,Hu tieu tuoi SAU THANH 250g,17413,100-HKD Sau Thanh,,TPTS_CBNC_TT,11:15 AM,1D,269,CH Co.opFood Bach Dang,1.000,1.000,,,,1,,false
3446984,,Hu tieu tuoi SAU THANH 250g,17413,100-HKD Sau Thanh,,TPTS_CBNC_TT,11:15 AM,1D,270,CH Co.opFood KCN Tan Thoi Hiep,1.000,1.000,,,,1,,false
3446984,,Hu tieu tuoi SAU THANH 250g,17413,100-HKD Sau Thanh,,TPTS_CBNC_TT,11:15 AM,1D,272,CH Co.opFood KCN Hiep Phuoc,1.000,1.000,,,,1,,false
3446984,,Hu tieu tuoi SAU THANH 250g,17413,100-HKD Sau Thanh,,TPTS_CBNC_TT,11:15 AM,1D,275,CH Co.opFood KCN Vinh Loc,1.000,1.000,,,,1,,false
3446984,,Hu tieu tuoi SAU THANH 250g,17413,100-HKD Sau Thanh,,TPTS_CBNC_TT,11:15 AM,1D,276,CH Co.opFood KCN Tay Bac,1.000,1.000,,,,1,,false
3446984,,Hu tieu tuoi SAU THANH 250g,17413,100-HKD Sau Thanh,,TPTS_CBNC_TT,11:15 AM,1D,277,CH Co.opFood Truong Cong Dinh,1.000,1.000,,,,1,,false
3446984,,Hu tieu tuoi SAU THANH 250g,17413,100-HKD Sau Thanh,,TPTS_CBNC_TT,11:15 AM,1D,278,CH Co.opFood Pham Van Bach,1.000,1.000,,,,1,,false
3446984,,Hu tieu tuoi SAU THANH 250g,17413,100-HKD Sau Thanh,,TPTS_CBNC_TT,11:15 AM,1D,279,CH Co.opFood Ton That Thuyet,1.000,1.000,,,,1,,false
3446984,,Hu tieu tuoi SAU THANH 250g,17413,100-HKD Sau Thanh,,TPTS_CBNC_TT,11:15 AM,1D,280,CH Co.opFood To Hien Thanh,1.000,1.000,,,,1,,false
3446984,,Hu tieu tuoi SAU THANH 250g,17413,100-HKD Sau Thanh,,TPTS_CBNC_TT,11:15 AM,1D,281,CH Co.opFood Truong Dinh Hoi,1.000,1.000,,,,1,,false
3446984,,Hu tieu tuoi SAU THANH 250g,17413,100-HKD Sau Thanh,,TPTS_CBNC_TT,11:15 AM,1D,282,CH Co.opFood Quoc Lo 50,1.000,1.000,,,,1,,false
3446984,,Hu tieu tuoi SAU THANH 250g,17413,100-HKD Sau Thanh,,TPTS_CBNC_TT,11:15 AM,1D,284,CH Co.opFood Ung Van Khiem,1.000,1.000,,,,1,,false
3446984,,Hu tieu tuoi SAU THANH 250g,17413,100-HKD Sau Thanh,,TPTS_CBNC_TT,11:15 AM,1D,286,CH Co.opFood Thap Muoi,1.000,1.000,,,,1,,false
3446984,,Hu tieu tuoi SAU THANH 250g,17413,100-HKD Sau Thanh,,TPTS_CBNC_TT,11:15 AM,1D,287,CH Co.opFood Go Xoai,1.000,1.000,,,,1,,false
3446984,,Hu tieu tuoi SAU THANH 250g,17413,100-HKD Sau Thanh,,TPTS_CBNC_TT,11:15 AM,1D,289,CH Co.opFood Bui Dinh Tuy,1.000,1.000,,,,1,,false
3446984,,Hu tieu tuoi SAU THANH 250g,17413,100-HKD Sau Thanh,,TPTS_CBNC_TT,11:15 AM,1D,290,CH Co.opFood Nguyen Van Tang,1.000,1.000,,,,1,,false
3446984,,Hu tieu tuoi SAU THANH 250g,17413,100-HKD Sau Thanh,,TPTS_CBNC_TT,11:15 AM,1D,291,CH Co.opFood Le Van Khuong,1.000,1.000,,,,1,,false
3446984,,Hu tieu tuoi SAU THANH 250g,17413,100-HKD Sau Thanh,,TPTS_CBNC_TT,11:15 AM,1D,293,CH Co.opFood Nguyen Duy Trinh,1.000,1.000,,,,1,,false
3446984,,Hu tieu tuoi SAU THANH 250g,17413,100-HKD Sau Thanh,,TPTS_CBNC_TT,11:15 AM,1D,294,CH Co.opFood 53 Pham Van Chieu,1.000,1.000,,,,1,,false
3446984,,Hu tieu tuoi SAU THANH 250g,17413,100-HKD Sau Thanh,,TPTS_CBNC_TT,11:15 AM,1D,296,Co.opFood 249 Luong Dinh Cua,1.000,1.000,,,,1,,false
3446984,,Hu tieu tuoi SAU THANH 250g,17413,100-HKD Sau Thanh,,TPTS_CBNC_TT,11:15 AM,1D,298,CH Co.opFood Hung Phu,1.000,1.000,,,,1,,false
3446984,,Hu tieu tuoi SAU THANH 250g,17413,100-HKD Sau Thanh,,TPTS_CBNC_TT,11:15 AM,1D,301,Co-opXtra Linh Trung,1.000,1.000,,,,1,,false
3446984,,Hu tieu tuoi SAU THANH 250g,17413,100-HKD Sau Thanh,,TPTS_CBNC_TT,11:15 AM,1D,304,Co-opXtra Tan Phong,1.000,1.000,,,,1,,false
3446984,,Hu tieu tuoi SAU THANH 250g,17413,100-HKD Sau Thanh,,TPTS_CBNC_TT,11:15 AM,1D,305,Co-opXtra Su Van Hanh,1.000,1.000,,,,1,,false
3446984,,Hu tieu tuoi SAU THANH 250g,17413,100-HKD Sau Thanh,,TPTS_CBNC_TT,11:15 AM,1D,306,Co-opXtra Pham Van Dong,1.000,1.000,,,,1,,false
3446984,,Hu tieu tuoi SAU THANH 250g,17413,100-HKD Sau Thanh,,TPTS_CBNC_TT,11:15 AM,1D,399,FINELIFE SUPERMARKET URBANHILL,1.000,1.000,,,,1,,false
3446984,,Hu tieu tuoi SAU THANH 250g,17413,100-HKD Sau Thanh,,TPTS_CBNC_TT,11:15 AM,1D,400,CH CF 306 Nguyen Thai Son,1.000,1.000,,,,1,,false
3446984,,Hu tieu tuoi SAU THANH 250g,17413,100-HKD Sau Thanh,,TPTS_CBNC_TT,11:15 AM,1D,401,CH Co.opFood Binh Gia,1.000,1.000,,,,1,,false
3446984,,Hu tieu tuoi SAU THANH 250g,17413,100-HKD Sau Thanh,,TPTS_CBNC_TT,11:15 AM,1D,402,CH Co.opFood Thong Nhat,1.000,1.000,,,,1,,false
3446984,,Hu tieu tuoi SAU THANH 250g,17413,100-HKD Sau Thanh,,TPTS_CBNC_TT,11:15 AM,1D,403,CH CoopFood 203 Vo Thanh Trang,1.000,1.000,,,,1,,false
3446984,,Hu tieu tuoi SAU THANH 250g,17413,100-HKD Sau Thanh,,TPTS_CBNC_TT,11:15 AM,1D,404,CH Co.opFood Pham The Hien 2,1.000,1.000,,,,1,,false
3446984,,Hu tieu tuoi SAU THANH 250g,17413,100-HKD Sau Thanh,,TPTS_CBNC_TT,11:15 AM,1D,405,CH Co.opFood 418 Tran Van Giau,1.000,1.000,,,,1,,false
3446984,,Hu tieu tuoi SAU THANH 250g,17413,100-HKD Sau Thanh,,TPTS_CBNC_TT,11:15 AM,1D,406,CH Co.opFood 85 Nguyen Son,1.000,1.000,,,,1,,false
3446984,,Hu tieu tuoi SAU THANH 250g,17413,100-HKD Sau Thanh,,TPTS_CBNC_TT,11:15 AM,1D,409,CH Co.opFood Hiep Binh Chanh,1.000,1.000,,,,1,,false
3446984,,Hu tieu tuoi SAU THANH 250g,17413,100-HKD Sau Thanh,,TPTS_CBNC_TT,11:15 AM,1D,410,CH Co.opFood Cat Lai,1.000,1.000,,,,1,,false
3446984,,Hu tieu tuoi SAU THANH 250g,17413,100-HKD Sau Thanh,,TPTS_CBNC_TT,11:15 AM,1D,4201,FINELIFE FOODSTORE HA DO,1.000,1.000,,,,1,,false
3446984,,Hu tieu tuoi SAU THANH 250g,17413,100-HKD Sau Thanh,,TPTS_CBNC_TT,11:15 AM,1D,4202,FLIFE FOODSTORE RIVIERA POINT,1.000,1.000,,,,1,,false
3446984,,Hu tieu tuoi SAU THANH 250g,17413,100-HKD Sau Thanh,,TPTS_CBNC_TT,11:15 AM,1D,502,Co.opMart Bac Giang,1.000,1.000,,,,1,,false
3446984,,Hu tieu tuoi SAU THANH 250g,17413,100-HKD Sau Thanh,,TPTS_CBNC_TT,11:15 AM,1D,503,Co.opMart Binh Duong 2,1.000,1.000,,,,1,,false
3446984,,Hu tieu tuoi SAU THANH 250g,17413,100-HKD Sau Thanh,,TPTS_CBNC_TT,11:15 AM,1D,504,Co.opMart Dak Nong,1.000,1.000,,,,1,,false
3446984,,Hu tieu tuoi SAU THANH 250g,17413,100-HKD Sau Thanh,,TPTS_CBNC_TT,11:15 AM,1D,505,Co.opMart Ly Thuong Kiet,1.000,1.000,,,,1,,false
3446984,,Hu tieu tuoi SAU THANH 250g,17413,100-HKD Sau Thanh,,TPTS_CBNC_TT,11:15 AM,1D,506,Co.opMart Van Thanh,1.000,1.000,,,,1,,false
3446984,,Hu tieu tuoi SAU THANH 250g,17413,100-HKD Sau Thanh,,TPTS_CBNC_TT,11:15 AM,1D,507,Co.opMart La Gi,1.000,1.000,,,,1,,false
3446984,,Hu tieu tuoi SAU THANH 250g,17413,100-HKD Sau Thanh,,TPTS_CBNC_TT,11:15 AM,1D,508,Co.opMart Nguyen Binh,1.000,1.000,,,,1,,false
3446984,,Hu tieu tuoi SAU THANH 250g,17413,100-HKD Sau Thanh,,TPTS_CBNC_TT,11:15 AM,1D,509,Co.opMart Vinh Loc B,1.000,1.000,,,,1,,false
3446984,,Hu tieu tuoi SAU THANH 250g,17413,100-HKD Sau Thanh,,TPTS_CBNC_TT,11:15 AM,1D,510,Co.opMart Do Van Day,1.000,1.000,,,,1,,false
3446984,,Hu tieu tuoi SAU THANH 250g,17413,100-HKD Sau Thanh,,TPTS_CBNC_TT,11:15 AM,1D,511,Co.opMart Hiep Thanh,1.000,1.000,,,,1,,false
3446984,,Hu tieu tuoi SAU THANH 250g,17413,100-HKD Sau Thanh,,TPTS_CBNC_TT,11:15 AM,1D,512,Co.opMart Quang Binh,1.000,1.000,,,,1,,false
3446984,,Hu tieu tuoi SAU THANH 250g,17413,100-HKD Sau Thanh,,TPTS_CBNC_TT,11:15 AM,1D,513,Co.opMart Ben Luc,1.000,1.000,,,,1,,false
3446984,,Hu tieu tuoi SAU THANH 250g,17413,100-HKD Sau Thanh,,TPTS_CBNC_TT,11:15 AM,1D,514,Co.opMart Tan An,1.000,1.000,,,,1,,false
3446984,,Hu tieu tuoi SAU THANH 250g,17413,100-HKD Sau Thanh,,TPTS_CBNC_TT,11:15 AM,1D,515,Co.opMart Ba Ria,1.000,1.000,,,,1,,false
3446984,,Hu tieu tuoi SAU THANH 250g,17413,100-HKD Sau Thanh,,TPTS_CBNC_TT,11:15 AM,1D,516,Co.opMart Binh Duong,1.000,1.000,,,,1,,false
3446984,,Hu tieu tuoi SAU THANH 250g,17413,100-HKD Sau Thanh,,TPTS_CBNC_TT,11:15 AM,1D,517,Co.opMart Sa Dec,1.000,1.000,,,,1,,false
3446984,,Hu tieu tuoi SAU THANH 250g,17413,100-HKD Sau Thanh,,TPTS_CBNC_TT,11:15 AM,1D,518,Co.opMart Go Cong,1.000,1.000,,,,1,,false
3446984,,Hu tieu tuoi SAU THANH 250g,17413,100-HKD Sau Thanh,,TPTS_CBNC_TT,11:15 AM,1D,519,Co.opMart Thot Not,1.000,1.000,,,,1,,false
3446984,,Hu tieu tuoi SAU THANH 250g,17413,100-HKD Sau Thanh,,TPTS_CBNC_TT,11:15 AM,1D,520,Co.opMart Chau Doc,1.000,1.000,,,,1,,false
3446984,,Hu tieu tuoi SAU THANH 250g,17413,100-HKD Sau Thanh,,TPTS_CBNC_TT,11:15 AM,1D,522,Co.opMart Ca Mau,1.000,1.000,,,,1,,false
3446984,false,Hu tieu tuoi SAU THANH 250g,17413,100-HKD Sau Thanh,,TPTS_CBNC_TT,11:15 AM,1D,52201,CH Co.opFood CM Ngo Quyen,1.000,1.000,,,,1,,false
3446984,,Hu tieu tuoi SAU THANH 250g,17413,100-HKD Sau Thanh,,TPTS_CBNC_TT,11:15 AM,1D,523,Co.opMart Buon Ho,1.000,1.000,,,,1,,false
3446984,,Hu tieu tuoi SAU THANH 250g,17413,100-HKD Sau Thanh,,TPTS_CBNC_TT,11:15 AM,1D,524,Co.opMart Dong Van Cong,1.000,1.000,,,,1,,false
3446984,,Hu tieu tuoi SAU THANH 250g,17413,100-HKD Sau Thanh,,TPTS_CBNC_TT,11:15 AM,1D,526,Co.opMart Tan Chau,1.000,1.000,,,,1,,false
3446984,,Hu tieu tuoi SAU THANH 250g,17413,100-HKD Sau Thanh,,TPTS_CBNC_TT,11:15 AM,1D,527,Co.opMart Chu Se,1.000,1.000,,,,1,,false
3446984,,Hu tieu tuoi SAU THANH 250g,17413,100-HKD Sau Thanh,,TPTS_CBNC_TT,11:15 AM,1D,528,Co.opMart Kon Tum,1.000,1.000,,,,1,,false
3446984,,Hu tieu tuoi SAU THANH 250g,17413,100-HKD Sau Thanh,,TPTS_CBNC_TT,11:15 AM,1D,529,Co.opMart Tan Thanh,1.000,1.000,,,,1,,false
3446984,,Hu tieu tuoi SAU THANH 250g,17413,100-HKD Sau Thanh,,TPTS_CBNC_TT,11:15 AM,1D,530,Co.opMart Chu Van An,1.000,1.000,,,,1,,false
3446984,,Hu tieu tuoi SAU THANH 250g,17413,100-HKD Sau Thanh,,TPTS_CBNC_TT,11:15 AM,1D,531,Co.opMart Ha Tien,1.000,1.000,,,,1,,false
3446984,,Hu tieu tuoi SAU THANH 250g,17413,100-HKD Sau Thanh,,TPTS_CBNC_TT,11:15 AM,1D,532,Co.opMart Cai Lay,1.000,1.000,,,,1,,false
3446984,,Hu tieu tuoi SAU THANH 250g,17413,100-HKD Sau Thanh,,TPTS_CBNC_TT,11:15 AM,1D,533,Co.opMart Hong Ngu,1.000,1.000,,,,1,,false
3446984,,Hu tieu tuoi SAU THANH 250g,17413,100-HKD Sau Thanh,,TPTS_CBNC_TT,11:15 AM,1D,534,Co.opMart Go Dau,1.000,1.000,,,,1,,false
3446984,,Hu tieu tuoi SAU THANH 250g,17413,100-HKD Sau Thanh,,TPTS_CBNC_TT,11:15 AM,1D,535,Co.opMart Tan Chau An Giang,1.000,1.000,,,,1,,false
3446984,,Hu tieu tuoi SAU THANH 250g,17413,100-HKD Sau Thanh,,TPTS_CBNC_TT,11:15 AM,1D,536,Co.opMart Duyen Hai,1.000,1.000,,,,1,,false
3446984,,Hu tieu tuoi SAU THANH 250g,17413,100-HKD Sau Thanh,,TPTS_CBNC_TT,11:15 AM,1D,537,Co.opMart Viet Tri,1.000,1.000,,,,1,,false
3446984,false,Hu tieu tuoi SAU THANH 250g,17413,100-HKD Sau Thanh,,TPTS_CBNC_TT,11:15 AM,1D,53701,CH Co.opFood PTH Tu Xa,1.000,1.000,,,,1,,false
3446984,,Hu tieu tuoi SAU THANH 250g,17413,100-HKD Sau Thanh,,TPTS_CBNC_TT,11:15 AM,1D,538,Co.opMart Phuoc Dong,1.000,1.000,,,,1,,false
3446984,,Hu tieu tuoi SAU THANH 250g,17413,100-HKD Sau Thanh,,TPTS_CBNC_TT,11:15 AM,1D,539,Co.opMart Phan Ri Cua,1.000,1.000,,,,1,,false
3446984,,Hu tieu tuoi SAU THANH 250g,17413,100-HKD Sau Thanh,,TPTS_CBNC_TT,11:15 AM,1D,540,Co.opMart Can Giuoc,1.000,1.000,,,,1,,false
3446984,,Hu tieu tuoi SAU THANH 250g,17413,100-HKD Sau Thanh,,TPTS_CBNC_TT,11:15 AM,1D,541,Co.opMart Binh Tan 2,1.000,1.000,,,,1,,false
3446984,,Hu tieu tuoi SAU THANH 250g,17413,100-HKD Sau Thanh,,TPTS_CBNC_TT,11:15 AM,1D,542,Co.opMart Binh Thuy,1.000,1.000,,,,1,,false
3446984,,Hu tieu tuoi SAU THANH 250g,17413,100-HKD Sau Thanh,,TPTS_CBNC_TT,11:15 AM,1D,543,Co.opMart Chau Thanh Tay Ninh,1.000,1.000,,,,1,,false
3446984,,Hu tieu tuoi SAU THANH 250g,17413,100-HKD Sau Thanh,,TPTS_CBNC_TT,11:15 AM,1D,545,Co.opMart Tieu Can,1.000,1.000,,,,1,,false
3446984,,Hu tieu tuoi SAU THANH 250g,17413,100-HKD Sau Thanh,,TPTS_CBNC_TT,11:15 AM,1D,546,Co.opMart Dong Phu,1.000,1.000,,,,1,,false
3446984,,Hu tieu tuoi SAU THANH 250g,17413,100-HKD Sau Thanh,,TPTS_CBNC_TT,11:15 AM,1D,547,Co.opMart Son Tra,1.000,1.000,,,,1,,false
3446984,false,Hu tieu tuoi SAU THANH 250g,17413,100-HKD Sau Thanh,,TPTS_CBNC_TT,11:15 AM,1D,54701,CH Co.opFood DN Dinh Chau,1.000,1.000,,,,1,,false
3446984,,Hu tieu tuoi SAU THANH 250g,17413,100-HKD Sau Thanh,,TPTS_CBNC_TT,11:15 AM,1D,549,Co.opMart Hoang Van Thu,1.000,1.000,,,,1,,false
3446984,,Hu tieu tuoi SAU THANH 250g,17413,100-HKD Sau Thanh,,TPTS_CBNC_TT,11:15 AM,1D,552,Co.opMart SCA - VICTORIA,1.000,1.000,,,,1,,false
3446984,,Hu tieu tuoi SAU THANH 250g,17413,100-HKD Sau Thanh,,TPTS_CBNC_TT,11:15 AM,1D,553,Co.opMart SCA - GOLDSILK,1.000,1.000,,,,1,,false
3446984,,Hu tieu tuoi SAU THANH 250g,17413,100-HKD Sau Thanh,,TPTS_CBNC_TT,11:15 AM,1D,554,Co.opMart SCA - GOLDENSILK,1.000,1.000,,,,1,,false
3446984,,Hu tieu tuoi SAU THANH 250g,17413,100-HKD Sau Thanh,,TPTS_CBNC_TT,11:15 AM,1D,555,Co.opMart SCA - LONG BIEN,1.000,1.000,,,,1,,false
3446984,,Hu tieu tuoi SAU THANH 250g,17413,100-HKD Sau Thanh,,TPTS_CBNC_TT,11:15 AM,1D,556,Co.opMart To Ky,1.000,1.000,,,,1,,false
3446984,,Hu tieu tuoi SAU THANH 250g,17413,100-HKD Sau Thanh,,TPTS_CBNC_TT,11:15 AM,1D,557,Co.opMart SCA - Tay Ninh,1.000,1.000,,,,1,,false
3446984,,Hu tieu tuoi SAU THANH 250g,17413,100-HKD Sau Thanh,,TPTS_CBNC_TT,11:15 AM,1D,561,Co.opMart SCA - Cao Thang,1.000,1.000,,,,1,,false
3446984,,Hu tieu tuoi SAU THANH 250g,17413,100-HKD Sau Thanh,,TPTS_CBNC_TT,11:15 AM,1D,562,Co.opMart Thoai Son,1.000,1.000,,,,1,,false
3446984,false,Hu tieu tuoi SAU THANH 250g,17413,100-HKD Sau Thanh,,TPTS_CBNC_TT,11:15 AM,1D,56201,CH CFood 16-18Nguyen Truong To,1.000,1.000,,,,1,,false
3446984,false,Hu tieu tuoi SAU THANH 250g,17413,100-HKD Sau Thanh,,TPTS_CBNC_TT,11:15 AM,1D,56202,CH Co.opFood AG Tran Hung Dao,1.000,1.000,,,,1,,false
3446984,,Hu tieu tuoi SAU THANH 250g,17413,100-HKD Sau Thanh,,TPTS_CBNC_TT,11:15 AM,1D,563,Co.opMart Tan Bien Tay Ninh,1.000,1.000,,,,1,,false
3446984,,Hu tieu tuoi SAU THANH 250g,17413,100-HKD Sau Thanh,,TPTS_CBNC_TT,11:15 AM,1D,564,Co.opMart Duong Minh Chau,1.000,1.000,,,,1,,false
3446984,,Hu tieu tuoi SAU THANH 250g,17413,100-HKD Sau Thanh,,TPTS_CBNC_TT,11:15 AM,1D,565,Co.opMart Tam Binh,1.000,1.000,,,,1,,false
3446984,,Hu tieu tuoi SAU THANH 250g,17413,100-HKD Sau Thanh,,TPTS_CBNC_TT,11:15 AM,1D,566,Co.opMart Cu M'gar,1.000,1.000,,,,1,,false
3446984,,Hu tieu tuoi SAU THANH 250g,17413,100-HKD Sau Thanh,,TPTS_CBNC_TT,11:15 AM,1D,567,Co.opMart Ha Dong,1.000,1.000,,,,1,,false
3446984,,Hu tieu tuoi SAU THANH 250g,17413,100-HKD Sau Thanh,,TPTS_CBNC_TT,11:15 AM,1D,569,Co.opMart Thap Muoi,1.000,1.000,,,,1,,false
3446984,,Hu tieu tuoi SAU THANH 250g,17413,100-HKD Sau Thanh,,TPTS_CBNC_TT,11:15 AM,1D,570,Co.opMart ThangLoi-TruongChinh,1.000,1.000,,,,1,,false
3446984,,Hu tieu tuoi SAU THANH 250g,17413,100-HKD Sau Thanh,,TPTS_CBNC_TT,11:15 AM,1D,571,Co.op Mart An Nhon,1.000,1.000,,,,1,,false
3446984,,Hu tieu tuoi SAU THANH 250g,17413,100-HKD Sau Thanh,,TPTS_CBNC_TT,11:15 AM,1D,572,Co.opMart Duc Pho,1.000,1.000,,,,1,,false
3446984,,Hu tieu tuoi SAU THANH 250g,17413,100-HKD Sau Thanh,,TPTS_CBNC_TT,11:15 AM,1D,573,Co.opMart Cai Be,1.000,1.000,,,,1,,false
3446984,,Hu tieu tuoi SAU THANH 250g,17413,100-HKD Sau Thanh,,TPTS_CBNC_TT,11:15 AM,1D,574,Co.opMart Cho Moi,1.000,1.000,,,,1,,false
3446984,,Hu tieu tuoi SAU THANH 250g,17413,100-HKD Sau Thanh,,TPTS_CBNC_TT,11:15 AM,1D,625,CH Co.opFood Conic,1.000,1.000,,,,1,,false
3446984,,Hu tieu tuoi SAU THANH 250g,17413,100-HKD Sau Thanh,,TPTS_CBNC_TT,11:15 AM,1D,626,CH Co.opFood CC Binh Phu 1,1.000,1.000,,,,1,,false
3446984,,Hu tieu tuoi SAU THANH 250g,17413,100-HKD Sau Thanh,,TPTS_CBNC_TT,11:15 AM,1D,629,CH Co.opFood 7 Le Thi Ha,1.000,1.000,,,,1,,false
3446984,,Hu tieu tuoi SAU THANH 250g,17413,100-HKD Sau Thanh,,TPTS_CBNC_TT,11:15 AM,1D,630,CH Co.opFood CC Petroland,1.000,1.000,,,,1,,false
3446984,,Hu tieu tuoi SAU THANH 250g,17413,100-HKD Sau Thanh,,TPTS_CBNC_TT,11:15 AM,1D,631,CH Co.opFood 239Duong Dinh Hoi,1.000,1.000,,,,1,,false
3446984,,Hu tieu tuoi SAU THANH 250g,17413,100-HKD Sau Thanh,,TPTS_CBNC_TT,11:15 AM,1D,632,CH Co.opFood CC Carina,1.000,1.000,,,,1,,false
3446984,,Hu tieu tuoi SAU THANH 250g,17413,100-HKD Sau Thanh,,TPTS_CBNC_TT,11:15 AM,1D,633,CH Co.opFood 397 Phan Huy Ich,1.000,1.000,,,,1,,false
3446984,,Hu tieu tuoi SAU THANH 250g,17413,100-HKD Sau Thanh,,TPTS_CBNC_TT,11:15 AM,1D,634,CH Co.opFood 13 Le Van Thinh,1.000,1.000,,,,1,,false
3446984,,Hu tieu tuoi SAU THANH 250g,17413,100-HKD Sau Thanh,,TPTS_CBNC_TT,11:15 AM,1D,635,CH Co.opFood Hoang Dieu 2,1.000,1.000,,,,1,,false
3446984,,Hu tieu tuoi SAU THANH 250g,17413,100-HKD Sau Thanh,,TPTS_CBNC_TT,11:15 AM,1D,636,CH Co.opFood Flora,1.000,1.000,,,,1,,false
3446984,,Hu tieu tuoi SAU THANH 250g,17413,100-HKD Sau Thanh,,TPTS_CBNC_TT,11:15 AM,1D,637,CH Co.opFood An Khang,1.000,1.000,,,,1,,false
3446984,,Hu tieu tuoi SAU THANH 250g,17413,100-HKD Sau Thanh,,TPTS_CBNC_TT,11:15 AM,1D,638,CH Co.opFood Nguyen Luong Bang,1.000,1.000,,,,1,,false
3446984,,Hu tieu tuoi SAU THANH 250g,17413,100-HKD Sau Thanh,,TPTS_CBNC_TT,11:15 AM,1D,639,CH Co.opFood Green Hills,1.000,1.000,,,,1,,false
3446984,,Hu tieu tuoi SAU THANH 250g,17413,100-HKD Sau Thanh,,TPTS_CBNC_TT,11:15 AM,1D,640,CH Co.opFood CC Son Ky,1.000,1.000,,,,1,,false
3446984,,Hu tieu tuoi SAU THANH 250g,17413,100-HKD Sau Thanh,,TPTS_CBNC_TT,11:15 AM,1D,641,CH Co.opFood Saigon Town,1.000,1.000,,,,1,,false
3446984,,Hu tieu tuoi SAU THANH 250g,17413,100-HKD Sau Thanh,,TPTS_CBNC_TT,11:15 AM,1D,642,CH Co.opFood 372 No Trang Long,1.000,1.000,,,,1,,false
3446984,,Hu tieu tuoi SAU THANH 250g,17413,100-HKD Sau Thanh,,TPTS_CBNC_TT,11:15 AM,1D,643,CH Co.opFood D20 Vo Van Van,1.000,1.000,,,,1,,false
3446984,,Hu tieu tuoi SAU THANH 250g,17413,100-HKD Sau Thanh,,TPTS_CBNC_TT,11:15 AM,1D,644,CH Co.opFood 174 Phan Van Hon,1.000,1.000,,,,1,,false
3446984,,Hu tieu tuoi SAU THANH 250g,17413,100-HKD Sau Thanh,,TPTS_CBNC_TT,11:15 AM,1D,645,CH Co.opFood Long Truong,1.000,1.000,,,,1,,false
3446984,,Hu tieu tuoi SAU THANH 250g,17413,100-HKD Sau Thanh,,TPTS_CBNC_TT,11:15 AM,1D,647,CH Co.opFood Conic Sky,1.000,1.000,,,,1,,false
3446984,,Hu tieu tuoi SAU THANH 250g,17413,100-HKD Sau Thanh,,TPTS_CBNC_TT,11:15 AM,1D,648,CH Co.opFood Tam Binh,1.000,1.000,,,,1,,false
3446984,,Hu tieu tuoi SAU THANH 250g,17413,100-HKD Sau Thanh,,TPTS_CBNC_TT,11:15 AM,1D,652,CH Co.opFood Linh Chieu,1.000,1.000,,,,1,,false
3446984,,Hu tieu tuoi SAU THANH 250g,17413,100-HKD Sau Thanh,,TPTS_CBNC_TT,11:15 AM,1D,653,CH Co.opFood Bui The My 31,1.000,1.000,,,,1,,false
3446984,,Hu tieu tuoi SAU THANH 250g,17413,100-HKD Sau Thanh,,TPTS_CBNC_TT,11:15 AM,1D,654,CH Co.opFood Krista,1.000,1.000,,,,1,,false
3446984,,Hu tieu tuoi SAU THANH 250g,17413,100-HKD Sau Thanh,,TPTS_CBNC_TT,11:15 AM,1D,655,CH Co.opFood Lang Tang Phu,1.000,1.000,,,,1,,false
3446984,,Hu tieu tuoi SAU THANH 250g,17413,100-HKD Sau Thanh,,TPTS_CBNC_TT,11:15 AM,1D,656,CH Co.opFood Gia Phu,1.000,1.000,,,,1,,false
3446984,,Hu tieu tuoi SAU THANH 250g,17413,100-HKD Sau Thanh,,TPTS_CBNC_TT,11:15 AM,1D,657,CH Co.opFood Vanh Dai,1.000,1.000,,,,1,,false
3446984,,Hu tieu tuoi SAU THANH 250g,17413,100-HKD Sau Thanh,,TPTS_CBNC_TT,11:15 AM,1D,658,CH Co.opFood Man Thien 280,1.000,1.000,,,,1,,false
3446984,,Hu tieu tuoi SAU THANH 250g,17413,100-HKD Sau Thanh,,TPTS_CBNC_TT,11:15 AM,1D,659,CH Co.opFood Linh Dong,1.000,1.000,,,,1,,false
3446984,,Hu tieu tuoi SAU THANH 250g,17413,100-HKD Sau Thanh,,TPTS_CBNC_TT,11:15 AM,1D,661,CH Co.opFood Dinh Bo Linh 81,1.000,1.000,,,,1,,false
3446984,,Hu tieu tuoi SAU THANH 250g,17413,100-HKD Sau Thanh,,TPTS_CBNC_TT,11:15 AM,1D,665,CH Co.opFood Tinh Lo 15-1031,1.000,1.000,,,,1,,false
3446984,,Hu tieu tuoi SAU THANH 250g,17413,100-HKD Sau Thanh,,TPTS_CBNC_TT,11:15 AM,1D,669,CH Co.opFood Phuoc Kien,1.000,1.000,,,,1,,false
3446984,,Hu tieu tuoi SAU THANH 250g,17413,100-HKD Sau Thanh,,TPTS_CBNC_TT,11:15 AM,1D,671,CH Co.opFood Quoc Lo 22-726,1.000,1.000,,,,1,,false
3446984,,Hu tieu tuoi SAU THANH 250g,17413,100-HKD Sau Thanh,,TPTS_CBNC_TT,11:15 AM,1D,674,CH Co.opFood Man Thien 126A,1.000,1.000,,,,1,,false
3446984,,Hu tieu tuoi SAU THANH 250g,17413,100-HKD Sau Thanh,,TPTS_CBNC_TT,11:15 AM,1D,676,CH Co.opFood Ba Diem,1.000,1.000,,,,1,,false
3446984,,Hu tieu tuoi SAU THANH 250g,17413,100-HKD Sau Thanh,,TPTS_CBNC_TT,11:15 AM,1D,678,CH Co.opFood Dong Bac,1.000,1.000,,,,1,,false
3446984,,Hu tieu tuoi SAU THANH 250g,17413,100-HKD Sau Thanh,,TPTS_CBNC_TT,11:15 AM,1D,683,CH Co.opFood Xuan Hiep,1.000,1.000,,,,1,,false
3446984,,Hu tieu tuoi SAU THANH 250g,17413,100-HKD Sau Thanh,,TPTS_CBNC_TT,11:15 AM,1D,684,CH Co.opFood Tan Quy Tay,1.000,1.000,,,,1,,false
3446984,,Hu tieu tuoi SAU THANH 250g,17413,100-HKD Sau Thanh,,TPTS_CBNC_TT,11:15 AM,1D,685,CH Co.opFood An Lac,1.000,1.000,,,,1,,false
3446984,,Hu tieu tuoi SAU THANH 250g,17413,100-HKD Sau Thanh,,TPTS_CBNC_TT,11:15 AM,1D,687,CH CFood Tran Van Giau 5C13,1.000,1.000,,,,1,,false
3446984,,Hu tieu tuoi SAU THANH 250g,17413,100-HKD Sau Thanh,,TPTS_CBNC_TT,11:15 AM,1D,688,CH CFood Nguyen Duy Trinh 192,1.000,1.000,,,,1,,false
3446984,,Hu tieu tuoi SAU THANH 250g,17413,100-HKD Sau Thanh,,TPTS_CBNC_TT,11:15 AM,1D,689,CH Co.opFood Minh Duc,1.000,1.000,,,,1,,false
3446984,,Hu tieu tuoi SAU THANH 250g,17413,100-HKD Sau Thanh,,TPTS_CBNC_TT,11:15 AM,1D,690,CH Co.opFood Xom Chieu,1.000,1.000,,,,1,,false
3446984,false,Hu tieu tuoi SAU THANH 250g,17413,100-HKD Sau Thanh,,TPTS_CBNC_TT,11:15 AM,1D,69011,CH NQ Ca Mau-TTMS Hoang Gia,1.000,1.000,,,,1,,false
3446984,false,Hu tieu tuoi SAU THANH 250g,17413,100-HKD Sau Thanh,,TPTS_CBNC_TT,11:15 AM,1D,69020,CH CoopFood NQ QN Tang Bat Ho,1.000,1.000,,,,1,,false
3446984,,Hu tieu tuoi SAU THANH 250g,17413,100-HKD Sau Thanh,,TPTS_CBNC_TT,11:15 AM,1D,69024,CH NQ Binh Loi,1.000,1.000,,,,1,,false
3446984,,Hu tieu tuoi SAU THANH 250g,17413,100-HKD Sau Thanh,,TPTS_CBNC_TT,11:15 AM,1D,69026,CH NQ Pho Quang,1.000,1.000,,,,1,,false
3446984,,Hu tieu tuoi SAU THANH 250g,17413,100-HKD Sau Thanh,,TPTS_CBNC_TT,11:15 AM,1D,69066,CH NQ Trung Son,1.000,1.000,,,,1,,false
3446984,,Hu tieu tuoi SAU THANH 250g,17413,100-HKD Sau Thanh,,TPTS_CBNC_TT,11:15 AM,1D,69068,CH NQ Pho Dong,1.000,1.000,,,,1,,false
3446984,,Hu tieu tuoi SAU THANH 250g,17413,100-HKD Sau Thanh,,TPTS_CBNC_TT,11:15 AM,1D,691,CH Co.opFood Tan Quy,1.000,1.000,,,,1,,false
3446984,,Hu tieu tuoi SAU THANH 250g,17413,100-HKD Sau Thanh,,TPTS_CBNC_TT,11:15 AM,1D,692,CH Co.opFood Lien Khu 5-6,1.000,1.000,,,,1,,false
3446984,,Hu tieu tuoi SAU THANH 250g,17413,100-HKD Sau Thanh,,TPTS_CBNC_TT,11:15 AM,1D,693,CH Co.opFood Tam Binh 196,1.000,1.000,,,,1,,false
3446984,,Hu tieu tuoi SAU THANH 250g,17413,100-HKD Sau Thanh,,TPTS_CBNC_TT,11:15 AM,1D,694,CH Co.opFood Thang Long 31,1.000,1.000,,,,1,,false
3446984,,Hu tieu tuoi SAU THANH 250g,17413,100-HKD Sau Thanh,,TPTS_CBNC_TT,11:15 AM,1D,695,CH Co.opFood Le Loi 60,1.000,1.000,,,,1,,false
3446984,,Hu tieu tuoi SAU THANH 250g,17413,100-HKD Sau Thanh,,TPTS_CBNC_TT,11:15 AM,1D,696,CH CFood Hoang Anh Thanh Binh,1.000,1.000,,,,1,,false
3446984,,Hu tieu tuoi SAU THANH 250g,17413,100-HKD Sau Thanh,,TPTS_CBNC_TT,11:15 AM,1D,697,CH CoopFood Trinh Dinh Thao 31,1.000,1.000,,,,1,,false
3446984,,Hu tieu tuoi SAU THANH 250g,17413,100-HKD Sau Thanh,,TPTS_CBNC_TT,11:15 AM,1D,698,CH Co.opFood Tan Huong 262,1.000,1.000,,,,1,,false
3446984,,Hu tieu tuoi SAU THANH 250g,17413,100-HKD Sau Thanh,,TPTS_CBNC_TT,11:15 AM,1D,9102,Co.opFood Mien Bac,1.000,1.000,,,,1,,false
3446984,,Hu tieu tuoi SAU THANH 250g,17413,100-HKD Sau Thanh,,TPTS_CBNC_TT,11:15 AM,1D,9103,CH Co.opFood HN Bac Ha C14,1.000,1.000,,,,1,,false
3446984,,Hu tieu tuoi SAU THANH 250g,17413,100-HKD Sau Thanh,,TPTS_CBNC_TT,11:15 AM,1D,9104,CH Co.opFood HN Trieu Khuc,1.000,1.000,,,,1,,false
3446984,,Hu tieu tuoi SAU THANH 250g,17413,100-HKD Sau Thanh,,TPTS_CBNC_TT,11:15 AM,1D,9105,CH Co.opFood HN Bac Ha Tower,1.000,1.000,,,,1,,false
3446984,,Hu tieu tuoi SAU THANH 250g,17413,100-HKD Sau Thanh,,TPTS_CBNC_TT,11:15 AM,1D,9107,CH Co.opFood HN Phung Khoang,1.000,1.000,,,,1,,false
3446984,,Hu tieu tuoi SAU THANH 250g,17413,100-HKD Sau Thanh,,TPTS_CBNC_TT,11:15 AM,1D,9108,CH Co.opFood HN Van Khe,1.000,1.000,,,,1,,false
3446984,,Hu tieu tuoi SAU THANH 250g,17413,100-HKD Sau Thanh,,TPTS_CBNC_TT,11:15 AM,1D,9109,CH Co.opFood HN The Vesta,1.000,1.000,,,,1,,false
3446984,,Hu tieu tuoi SAU THANH 250g,17413,100-HKD Sau Thanh,,TPTS_CBNC_TT,11:15 AM,1D,9110,CH Co.opFood HN Green Stars,1.000,1.000,,,,1,,false
3446984,,Hu tieu tuoi SAU THANH 250g,17413,100-HKD Sau Thanh,,TPTS_CBNC_TT,11:15 AM,1D,9114,CH Co.opFood HN Anland,1.000,1.000,,,,1,,false
3446984,,Hu tieu tuoi SAU THANH 250g,17413,100-HKD Sau Thanh,,TPTS_CBNC_TT,11:15 AM,1D,9116,CH Co.opFood HN Nghia Do,1.000,1.000,,,,1,,false
3446984,,Hu tieu tuoi SAU THANH 250g,17413,100-HKD Sau Thanh,,TPTS_CBNC_TT,11:15 AM,1D,9120,CH Co.opFood HN VP2 Linh Dam,1.000,1.000,,,,1,,false
3446984,,Hu tieu tuoi SAU THANH 250g,17413,100-HKD Sau Thanh,,TPTS_CBNC_TT,11:15 AM,1D,9124,CH Co.opFood HN The K-Park,1.000,1.000,,,,1,,false
3446984,,Hu tieu tuoi SAU THANH 250g,17413,100-HKD Sau Thanh,,TPTS_CBNC_TT,11:15 AM,1D,9126,CH Co.opFood HN Kim Van Kim Lu,1.000,1.000,,,,1,,false
3446984,false,Hu tieu tuoi SAU THANH 250g,17413,100-HKD Sau Thanh,,TPTS_CBNC_TT,11:15 AM,1D,9130,CH Co.opFood HN Athena Complex,1.000,1.000,,,,1,,false
3446984,,Hu tieu tuoi SAU THANH 250g,17413,100-HKD Sau Thanh,,TPTS_CBNC_TT,11:15 AM,1D,9134,CH CFood HN Xuan Mai Duong Noi,1.000,1.000,,,,1,,false
3446984,,Hu tieu tuoi SAU THANH 250g,17413,100-HKD Sau Thanh,,TPTS_CBNC_TT,11:15 AM,1D,9138,CH Co.opFood HN Thai Ha CT4,1.000,1.000,,,,1,,false
3446984,,Hu tieu tuoi SAU THANH 250g,17413,100-HKD Sau Thanh,,TPTS_CBNC_TT,11:15 AM,1D,9139,CH Co.opFood HN Thai Ha HH,1.000,1.000,,,,1,,false
3446984,,Hu tieu tuoi SAU THANH 250g,17413,100-HKD Sau Thanh,,TPTS_CBNC_TT,11:15 AM,1D,9141,CH Co.opFood HN Mandarin,1.000,1.000,,,,1,,false
3446984,,Hu tieu tuoi SAU THANH 250g,17413,100-HKD Sau Thanh,,TPTS_CBNC_TT,11:15 AM,1D,9143,CH Co.opFood HN VP6 Linh Dam,1.000,1.000,,,,1,,false
3446984,,Hu tieu tuoi SAU THANH 250g,17413,100-HKD Sau Thanh,,TPTS_CBNC_TT,11:15 AM,1D,9144,CH Co.opFood HN Sakura,1.000,1.000,,,,1,,false
3446984,,Hu tieu tuoi SAU THANH 250g,17413,100-HKD Sau Thanh,,TPTS_CBNC_TT,11:15 AM,1D,9146,CH Co.opFood HN V7 The Vesta,1.000,1.000,,,,1,,false
3446984,,Hu tieu tuoi SAU THANH 250g,17413,100-HKD Sau Thanh,,TPTS_CBNC_TT,11:15 AM,1D,9148,CH Co.opFood HN Tecco Skyville,1.000,1.000,,,,1,,false
3446984,,Hu tieu tuoi SAU THANH 250g,17413,100-HKD Sau Thanh,,TPTS_CBNC_TT,11:15 AM,1D,9149,CH Co.opFood HN Hateco,1.000,1.000,,,,1,,false
3446984,,Hu tieu tuoi SAU THANH 250g,17413,100-HKD Sau Thanh,,TPTS_CBNC_TT,11:15 AM,1D,9151,CH Co.opFood HN Dai Dong,1.000,1.000,,,,1,,false
3446984,,Hu tieu tuoi SAU THANH 250g,17413,100-HKD Sau Thanh,,TPTS_CBNC_TT,11:15 AM,1D,9152,CH Co.opFood HN Ho Tung Mau,1.000,1.000,,,,1,,false
3446984,,Hu tieu tuoi SAU THANH 250g,17413,100-HKD Sau Thanh,,TPTS_CBNC_TT,11:15 AM,1D,9153,CH Co.opFood HN Nhan Chinh,1.000,1.000,,,,1,,false
3446984,,Hu tieu tuoi SAU THANH 250g,17413,100-HKD Sau Thanh,,TPTS_CBNC_TT,11:15 AM,1D,9154,CH CFood HN Ngoai Giao Doan 1,1.000,1.000,,,,1,,false
3446984,,Hu tieu tuoi SAU THANH 250g,17413,100-HKD Sau Thanh,,TPTS_CBNC_TT,11:15 AM,1D,9158,CH Co.opFood HN Vinh Hung,1.000,1.000,,,,1,,false
3446984,,Hu tieu tuoi SAU THANH 250g,17413,100-HKD Sau Thanh,,TPTS_CBNC_TT,11:15 AM,1D,9160,CH Co.opFood HN Roman Plaza,1.000,1.000,,,,1,,false
3446984,,Hu tieu tuoi SAU THANH 250g,17413,100-HKD Sau Thanh,,TPTS_CBNC_TT,11:15 AM,1D,9161,CH Co.opFood HN Eurowindow,1.000,1.000,,,,1,,false
3446984,,Hu tieu tuoi SAU THANH 250g,17413,100-HKD Sau Thanh,,TPTS_CBNC_TT,11:15 AM,1D,9165,CH Co.opFood HN Eco Dream,1.000,1.000,,,,1,,false
3446984,,Hu tieu tuoi SAU THANH 250g,17413,100-HKD Sau Thanh,,TPTS_CBNC_TT,11:15 AM,1D,9205,CH CFood BH Nguyen Van Tien,1.000,1.000,,,,1,,false
3446984,,Hu tieu tuoi SAU THANH 250g,17413,100-HKD Sau Thanh,,TPTS_CBNC_TT,11:15 AM,1D,9206,CH Co.opFood BH Ho Hoa,1.000,1.000,,,,1,,false
3446984,,Hu tieu tuoi SAU THANH 250g,17413,100-HKD Sau Thanh,,TPTS_CBNC_TT,11:15 AM,1D,9208,CH Co.opFood BH Tran Thi Hoa,1.000,1.000,,,,1,,false
3446984,,Hu tieu tuoi SAU THANH 250g,17413,100-HKD Sau Thanh,,TPTS_CBNC_TT,11:15 AM,1D,9210,CH CFood BH Huynh Van Nghe 17,1.000,1.000,,,,1,,false
3446984,,Hu tieu tuoi SAU THANH 250g,17413,100-HKD Sau Thanh,,TPTS_CBNC_TT,11:15 AM,1D,9214,CH CFood BH Quyet Thang,1.000,1.000,,,,1,,false
3446984,,Hu tieu tuoi SAU THANH 250g,17413,100-HKD Sau Thanh,,TPTS_CBNC_TT,11:15 AM,1D,9215,CH CFood BH Van Hoa Villas,1.000,1.000,,,,1,,false
3446984,,Hu tieu tuoi SAU THANH 250g,17413,100-HKD Sau Thanh,,TPTS_CBNC_TT,11:15 AM,1D,9302,CH Co.opFood Thu Khoa Huan 437,1.000,1.000,,,,1,,false
3446984,,Hu tieu tuoi SAU THANH 250g,17413,100-HKD Sau Thanh,,TPTS_CBNC_TT,11:15 AM,1D,9303,CH Co.opFood Le Hong Phong,1.000,1.000,,,,1,,false
3446984,,Hu tieu tuoi SAU THANH 250g,17413,100-HKD Sau Thanh,,TPTS_CBNC_TT,11:15 AM,1D,9309,CH Co.opFood BD Vinh Phu 41,1.000,1.000,,,,1,,false
3446984,,Hu tieu tuoi SAU THANH 250g,17413,100-HKD Sau Thanh,,TPTS_CBNC_TT,11:15 AM,1D,9311,CH Co.opFood BD Xuyen A 209,1.000,1.000,,,,1,,false
3446984,,Hu tieu tuoi SAU THANH 250g,17413,100-HKD Sau Thanh,,TPTS_CBNC_TT,11:15 AM,1D,9313,CH CFood BD Tran Hung Dao 325,1.000,1.000,,,,1,,false
3446984,,Hu tieu tuoi SAU THANH 250g,17413,100-HKD Sau Thanh,,TPTS_CBNC_TT,11:15 AM,1D,9314,CH Co.opFood BD Ngo Thi Nham82,1.000,1.000,,,,1,,false
3446984,,Hu tieu tuoi SAU THANH 250g,17413,100-HKD Sau Thanh,,TPTS_CBNC_TT,11:15 AM,1D,9315,CH Co.opFood BD KDC Viet Sing,1.000,1.000,,,,1,,false
3446984,,Hu tieu tuoi SAU THANH 250g,17413,100-HKD Sau Thanh,,TPTS_CBNC_TT,11:15 AM,1D,9318,CH Co.opFood BD Tan Lap 55,1.000,1.000,,,,1,,false
3446984,,Hu tieu tuoi SAU THANH 250g,17413,100-HKD Sau Thanh,,TPTS_CBNC_TT,11:15 AM,1D,9319,CH CFood BD KDC Hiep Thanh III,1.000,1.000,,,,1,,false
3446984,,Hu tieu tuoi SAU THANH 250g,17413,100-HKD Sau Thanh,,TPTS_CBNC_TT,11:15 AM,1D,9322,CH CF BD CC Samsora Riverside,1.000,1.000,,,,1,,false
3446984,,Hu tieu tuoi SAU THANH 250g,17413,100-HKD Sau Thanh,,TPTS_CBNC_TT,11:15 AM,1D,9324,CH Co.opFood BD Binh Duong,1.000,1.000,,,,1,,false
3446984,,Hu tieu tuoi SAU THANH 250g,17413,100-HKD Sau Thanh,,TPTS_CBNC_TT,11:15 AM,1D,9325,CF BD Bnh Chuan,1.000,1.000,,,,1,,false
3446984,,Hu tieu tuoi SAU THANH 250g,17413,100-HKD Sau Thanh,,TPTS_CBNC_TT,11:15 AM,1D,9326,CF BD CC Charm Sapphire,1.000,1.000,,,,1,,false
3446984,,Hu tieu tuoi SAU THANH 250g,17413,100-HKD Sau Thanh,,TPTS_CBNC_TT,11:15 AM,1D,9327,CH CF BD Quang Phuc Plaza,1.000,1.000,,,,1,,false
3446984,,Hu tieu tuoi SAU THANH 250g,17413,100-HKD Sau Thanh,,TPTS_CBNC_TT,11:15 AM,1D,9328,CH Co.opFood CC Opal Boulevard,1.000,1.000,,,,1,,false
3446984,false,Hu tieu tuoi SAU THANH 250g,17413,100-HKD Sau Thanh,,TPTS_CBNC_TT,11:15 AM,1D,9329,CH CF BD CC Phuc Dat Connect 2,1.000,1.000,,,,1,,false
3446984,false,Hu tieu tuoi SAU THANH 250g,17413,100-HKD Sau Thanh,,TPTS_CBNC_TT,11:15 AM,1D,9330,CH CF BD CC Bcons Garden,1.000,1.000,,,,1,,false
3446984,false,Hu tieu tuoi SAU THANH 250g,17413,100-HKD Sau Thanh,,TPTS_CBNC_TT,11:15 AM,1D,9331,CH CF BD CC Bcons Green View,1.000,1.000,,,,1,,false
3446984,,Hu tieu tuoi SAU THANH 250g,17413,100-HKD Sau Thanh,,TPTS_CBNC_TT,11:15 AM,1D,9402,CH Co.opFood Khu Vuc Can Tho,1.000,1.000,,,,1,,false
3446984,,Hu tieu tuoi SAU THANH 250g,17413,100-HKD Sau Thanh,,TPTS_CBNC_TT,11:15 AM,1D,9405,CH Co.opFood CT Tran Viet Chau,1.000,1.000,,,,1,,false
3446984,,Hu tieu tuoi SAU THANH 250g,17413,100-HKD Sau Thanh,,TPTS_CBNC_TT,11:15 AM,1D,9406,CH CF CT Nguyen Van Cu Noi Dai,1.000,1.000,,,,1,,false
3446984,,Hu tieu tuoi SAU THANH 250g,17413,100-HKD Sau Thanh,,TPTS_CBNC_TT,11:15 AM,1D,9408,CH Co.opFood CT Tay Do,1.000,1.000,,,,1,,false
3446984,,Hu tieu tuoi SAU THANH 250g,17413,100-HKD Sau Thanh,,TPTS_CBNC_TT,11:15 AM,1D,9409,CH Co.opFood CT Le Hong Phong,1.000,1.000,,,,1,,false
3446984,,Hu tieu tuoi SAU THANH 250g,17413,100-HKD Sau Thanh,,TPTS_CBNC_TT,11:15 AM,1D,9413,CH CFood CT Nguyen Van Cu 227,1.000,1.000,,,,1,,false
3446984,,Hu tieu tuoi SAU THANH 250g,17413,100-HKD Sau Thanh,,TPTS_CBNC_TT,11:15 AM,1D,9414,CH Co.opFood CT Tran Vinh Kiet,1.000,1.000,,,,1,,false
3446984,,Hu tieu tuoi SAU THANH 250g,17413,100-HKD Sau Thanh,,TPTS_CBNC_TT,11:15 AM,1D,9419,CH Co.opFood CT Tran Phu 71,1.000,1.000,,,,1,,false
3446984,,Hu tieu tuoi SAU THANH 250g,17413,100-HKD Sau Thanh,,TPTS_CBNC_TT,11:15 AM,1D,9421,CH Co.opFood CT Thoi Thuan,1.000,1.000,,,,1,,false
3446984,false,Hu tieu tuoi SAU THANH 250g,17413,100-HKD Sau Thanh,,TPTS_CBNC_TT,11:15 AM,1D,9422,CH Co.opFood CT KDC 91B,1.000,1.000,,,,1,,false
3446984,,Hu tieu tuoi SAU THANH 250g,17413,100-HKD Sau Thanh,,TPTS_CBNC_TT,11:15 AM,1D,9502,CH Co.opFood LA Tan Kim,1.000,1.000,,,,1,,false
3446984,,Hu tieu tuoi SAU THANH 250g,17413,100-HKD Sau Thanh,,TPTS_CBNC_TT,11:15 AM,1D,9503,CH Co.opFood Long Hau,1.000,1.000,,,,1,,false
